DATAHORA,ORDEM,LINHA,LATITUDE,LONGITUDE,VELOCIDADE
2020-04-12 00:00:14,D86047,864.0,-22.89477,-43.53366,0.0
2020-04-12 00:00:26,D53930,2310.0,-22.88416,-43.496159999999996,0.0
2020-04-12 00:00:30,C44613,685.0,-22.860689999999998,-43.355979999999995,0.0
2020-04-12 00:00:31,D86309,897.0,-22.894270000000002,-43.53255,0.0
2020-04-12 00:00:39,D86149,SP838,-22.89453,-43.53362,0.0
2020-04-12 00:00:44,D12161,SV2333,-22.89546,-43.56113,0.0
2020-04-12 00:00:45,B28602,324.0,-22.81576,-43.18817,0.0
2020-04-12 00:00:45,D86219,838.0,-22.8955,-43.53344,0.0
2020-04-12 00:00:53,C27067,SV774,-22.81697,-43.30138,0.0
2020-04-12 00:01:02,C44615,712.0,-22.86115,-43.355959999999996,0.0
2020-04-12 00:01:12,D53699,759.0,-22.88404,-43.49538,0.0
2020-04-12 00:01:15,D86710,2803.0,-22.89408,-43.53235,0.0
2020-04-12 00:01:27,D53694,393.0,-22.89013,-43.48165,42.0
2020-04-12 00:01:30,D86236,864.0,-22.89481,-43.53362,0.0
2020-04-12 00:01:38,B51520,917.0,-22.87736,-43.36845,0.0
2020-04-12 00:01:38,B51524,917.0,-22.87737000000001,-43.368790000000004,0.0
2020-04-12 00:01:39,C51543,371.0,-22.877589999999998,-43.368990000000004,0.0
2020-04-12 00:01:41,B51535,624.0,-22.87653,-43.36869,0.0
2020-04-12 00:01:41,C51650,371.0,-22.87671,-43.3687,0.0
2020-04-12 00:01:42,B51587,SV917,-22.877470000000002,-43.36889,0.0
2020-04-12 00:01:43,B51630,SV917,-22.87681,-43.36857,0.0
2020-04-12 00:01:46,C51510,371.0,-22.87728,-43.36844,0.0
2020-04-12 00:01:47,C51561,723.0,-22.87645,-43.36834,0.0
2020-04-12 00:01:47,D12160,2382.0,-22.89615,-43.5615,0.0
2020-04-12 00:01:48,B51634,917.0,-22.876720000000002,-43.3687,0.0
2020-04-12 00:01:48,C51506,371.0,-22.8764,-43.3681,0.0
2020-04-12 00:01:49,C12047,2308.0,-22.895410000000002,-43.561009999999996,0.0
2020-04-12 00:01:49,D53537,759.0,-22.91506,-43.60554000000001,34.0
2020-04-12 00:01:49,D53670,397.0,-22.84122,-43.25282,49.0
2020-04-12 00:01:49,D53675,397.0,-22.84695,-43.379909999999995,64.0
2020-04-12 00:01:50,B51521,624.0,-22.87641,-43.36796,0.0
2020-04-12 00:01:50,B51621,SV917,-22.87756,-43.36893,0.0
2020-04-12 00:01:50,D53551,759.0,-22.93555,-43.655809999999995,0.0
2020-04-12 00:01:50,D53577,397.0,-22.90214,-43.554959999999994,0.0
2020-04-12 00:01:50,D53698,759.0,-22.83268,-43.34231,0.0
2020-04-12 00:01:51,C12013,2308.0,-22.89609,-43.56151,0.0
2020-04-12 00:01:52,D53608,393.0,-22.8975,-43.48705,0.0
2020-04-12 00:01:52,D53682,397.0,-22.88141,-43.49864,37.0
2020-04-12 00:01:54,C12022,2308.0,-22.89675,-43.56055,0.0
2020-04-12 00:01:54,D53505,,-22.88366,-43.49558,0.0
2020-04-12 00:01:55,D53506,393.0,-22.83069,-43.34969,67.0
2020-04-12 00:01:57,B51549,SV917,-22.877489999999998,-43.36861,0.0
2020-04-12 00:01:57,D53556,397.0,-22.81843,-43.30904,54.0
2020-04-12 00:01:58,D12128,2018.0,-22.8964,-43.560559999999995,0.0
2020-04-12 00:01:58,D86325,864.0,-22.89417000000001,-43.53178,0.0
2020-04-12 00:01:59,B42612,457.0,-22.88554,-43.30062,0.0
2020-04-12 00:01:59,B51577,624.0,-22.87743,-43.36821,0.0
2020-04-12 00:01:59,C12025,2329.0,-22.8955,-43.56085,0.0
2020-04-12 00:01:59,C51615,371.0,-22.87625,-43.368159999999996,0.0
2020-04-12 00:01:59,D53544,759.0,-22.85536,-43.49288,9.0
2020-04-12 00:01:59,D53733,846.0,-22.88363,-43.49485,0.0
2020-04-12 00:01:59,D86121,864.0,-22.87964,-43.46479,36.0
2020-04-12 00:02:01,B51533,917.0,-22.87738,-43.36851,0.0
2020-04-12 00:02:01,B51586,SV917,-22.87761,-43.36821,0.0
2020-04-12 00:02:01,C44625,712.0,-22.86085,-43.356429999999996,0.0
2020-04-12 00:02:01,C51560,371.0,-22.87732,-43.3686,0.0
2020-04-12 00:02:01,D12142,2383.0,-22.8954,-43.56092,0.0
2020-04-12 00:02:01,D53674,397.0,-22.869310000000002,-43.24694,57.0
2020-04-12 00:02:03,B31022,483.0,-22.804000000000002,-43.309979999999996,0.0
2020-04-12 00:02:03,B51624,SV917,-22.87662000000001,-43.368829999999996,0.0
2020-04-12 00:02:05,C12043,2335.0,-22.91547000000001,-43.68333,0.0
2020-04-12 00:02:05,C47773,880.0,-22.95295,-43.35046,0.0
2020-04-12 00:02:07,C30136,343.0,-22.950120000000002,-43.348259999999996,0.0
2020-04-12 00:02:07,D53601,846.0,-22.901889999999998,-43.55494,0.0
2020-04-12 00:02:08,B51614,SV917,-22.87748,-43.368790000000004,0.0
2020-04-12 00:02:09,C51556,371.0,-22.87664,-43.36871,0.0
2020-04-12 00:02:09,D12124,2383.0,-22.89542,-43.56093,0.0
2020-04-12 00:02:10,D86275,864.0,-22.89415,-43.53196,0.0
2020-04-12 00:02:11,D53525,SV870,-22.88363,-43.4956,0.0
2020-04-12 00:02:11,D53563,397.0,-22.90194,-43.55599,1.0
2020-04-12 00:02:12,B31093,483.0,-22.83687,-43.28438,0.0
2020-04-12 00:02:12,D86329,864.0,-22.90166,-43.555820000000004,0.0
2020-04-12 00:02:13,B63005,919.0,-22.793020000000002,-43.29446,0.0
2020-04-12 00:02:14,C30327,557.0,-22.95103,-43.34853,0.0
2020-04-12 00:02:15,A29035,471.0,-22.86805,-43.29117,1.0
2020-04-12 00:02:16,B58171,625.0,-22.83725,-43.28582,0.0
2020-04-12 00:02:17,C47707,880.0,-22.9529,-43.3506,0.0
2020-04-12 00:02:17,D53543,397.0,-22.884710000000002,-43.22638,0.0
2020-04-12 00:02:22,D13013,SV790,-22.8837,-43.55291,0.0
2020-04-12 00:02:25,C47867,601.0,-22.952939999999998,-43.35112,0.0
2020-04-12 00:02:28,D13379,LECD29,-22.875970000000002,-43.41999000000001,0.0
2020-04-12 00:02:33,C30249,565.0,-22.95007,-43.348279999999995,0.0
2020-04-12 00:02:33,C47774,880.0,-22.95319,-43.35002,0.0
2020-04-12 00:02:33,D13344,875.0,-22.8801,-43.35823,0.0
2020-04-12 00:02:39,C30313,557.0,-22.95122000000001,-43.34829000000001,0.0
2020-04-12 00:00:26,D53930,2310.0,-22.88416,-43.49616,0.0
2020-04-12 00:00:31,D86309,897.0,-22.89427,-43.53255,0.0
2020-04-12 00:01:02,C44615,712.0,-22.86115,-43.35596,0.0
2020-04-12 00:02:01,C44625,712.0,-22.86085,-43.35643,0.0
2020-04-12 00:02:25,B44642,685.0,-22.86069,-43.35641,0.0
2020-04-12 00:02:39,D86205,843.0,-22.89497,-43.53297,0.0
2020-04-12 00:03:07,D86051,852.0,-22.89459,-43.53357000000001,0.0
2020-04-12 00:03:07,D86258,864.0,-22.89481,-43.53326,0.0
2020-04-12 00:03:08,D86315,866.0,-22.89503,-43.53212,0.0
2020-04-12 00:03:13,B44648,685.0,-22.86044,-43.3562,0.0
2020-04-12 00:03:15,D86400,864.0,-22.89443,-43.53376,0.0
2020-04-12 00:03:22,D53608,393.0,-22.89749,-43.48705,0.0
2020-04-12 00:03:32,D86189,864.0,-22.89511,-43.53324,0.0
2020-04-12 00:03:48,B42612,457.0,-22.88553,-43.30066,0.0
2020-04-12 00:03:53,D53924,2310.0,-22.88419,-43.49619000000001,0.0
2020-04-12 00:03:59,D86146,802.0,-22.89502,-43.53372,0.0
2020-04-12 00:04:16,B58171,625.0,-22.83725,-43.28582,0.0
2020-04-12 00:04:20,D86259,864.0,-22.89506,-43.53295,0.0
2020-04-12 00:04:27,D53694,393.0,-22.88257,-43.48688,33.0
2020-04-12 00:04:28,D86325,864.0,-22.89412,-43.53177,0.0
2020-04-12 00:04:30,C44613,685.0,-22.86068,-43.35598,0.0
2020-04-12 00:04:38,D86318,864.0,-22.89463,-43.53381,0.0
2020-04-12 00:04:40,D86087,SV866,-22.89495,-43.53372,0.0
2020-04-12 00:04:41,B51535,624.0,-22.87653,-43.36869,0.0
2020-04-12 00:04:43,B51630,SV917,-22.87681,-43.36857,0.0
2020-04-12 00:04:44,D12161,SV2333,-22.89546,-43.56113,0.0
2020-04-12 00:04:46,C51510,371.0,-22.87728,-43.36844,0.0
2020-04-12 00:04:47,D12160,2382.0,-22.89615,-43.5615,0.0
2020-04-12 00:04:48,B51634,917.0,-22.87672,-43.3687,0.0
2020-04-12 00:04:48,C51506,371.0,-22.8764,-43.3681,0.0
2020-04-12 00:04:49,C12047,2308.0,-22.89541,-43.56101,0.0
2020-04-12 00:04:50,B51521,624.0,-22.87641,-43.36796,0.0
2020-04-12 00:04:50,B51621,SV917,-22.87756,-43.36893,0.0
2020-04-12 00:04:50,D53551,759.0,-22.93554,-43.65582,0.0
2020-04-12 00:04:50,D53698,759.0,-22.83269,-43.34232,0.0
2020-04-12 00:04:51,C12013,2308.0,-22.89609,-43.56151,0.0
2020-04-12 00:04:51,D53577,397.0,-22.90214,-43.55635,16.0
2020-04-12 00:04:52,D53670,397.0,-22.85827,-43.24807,55.0
2020-04-12 00:04:52,D53682,397.0,-22.88467,-43.51888,50.0
2020-04-12 00:04:52,D86200,864.0,-22.89447,-43.53391,0.0
2020-04-12 00:04:52,D86215,864.0,-22.89498,-43.53369,0.0
2020-04-12 00:04:54,C12022,2308.0,-22.89658,-43.56062,0.0
2020-04-12 00:04:54,D53505,,-22.88366,-43.49558,0.0
2020-04-12 00:04:55,D53506,393.0,-22.821,-43.32163,32.0
2020-04-12 00:04:57,B51549,SV917,-22.87749,-43.36861,0.0
2020-04-12 00:04:57,D53556,397.0,-22.82445,-43.33363,48.0
2020-04-12 00:04:58,D12128,2018.0,-22.8964,-43.56056,0.0
2020-04-12 00:04:59,B32642,793.0,-22.81681,-43.39407,0.0
2020-04-12 00:04:59,B51577,624.0,-22.87743,-43.36821,0.0
2020-04-12 00:04:59,C12025,2329.0,-22.8955,-43.56085,0.0
2020-04-12 00:04:59,C51615,371.0,-22.87625,-43.36816,0.0
2020-04-12 00:04:59,D53544,759.0,-22.86029,-43.52214,74.0
2020-04-12 00:04:59,D53733,846.0,-22.88363,-43.49484,0.0
2020-04-12 00:04:59,D86121,852.0,-22.8758,-43.46368,0.0
2020-04-12 00:05:01,B51533,917.0,-22.87738,-43.36851,0.0
2020-04-12 00:05:01,B51586,SV917,-22.87761,-43.36821,0.0
2020-04-12 00:05:01,C51560,371.0,-22.87732,-43.3686,0.0
2020-04-12 00:05:01,D12142,2383.0,-22.8954,-43.56092,0.0
2020-04-12 00:05:01,D53674,397.0,-22.85664,-43.24752,8.0
2020-04-12 00:05:03,B31022,483.0,-22.80387,-43.31002,0.0
2020-04-12 00:05:03,B51624,SV917,-22.87662000000001,-43.36883,0.0
2020-04-12 00:05:03,C30249,565.0,-22.95007,-43.34828,0.0
2020-04-12 00:05:03,D13344,875.0,-22.8801,-43.35823,0.0
2020-04-12 00:05:04,A29035,471.0,-22.86797,-43.29102,1.0
2020-04-12 00:05:04,D13164,746.0,-22.88325,-43.49217,0.0
2020-04-12 00:05:04,D53675,397.0,-22.82843,-43.34369,87.0
2020-04-12 00:05:05,C12043,2335.0,-22.91547000000001,-43.68333,0.0
2020-04-12 00:05:05,C30014,876.0,-22.95135,-43.34843,0.0
2020-04-12 00:05:05,C47773,880.0,-22.95295,-43.35046,0.0
2020-04-12 00:05:05,C47774,880.0,-22.95319,-43.35002,0.0
2020-04-12 00:05:05,D86192,851.0,-22.89478,-43.5333,0.0
2020-04-12 00:05:07,C30136,343.0,-22.95012,-43.34826,0.0
2020-04-12 00:05:07,C30238,557.0,-22.95021,-43.34829000000001,0.0
2020-04-12 00:05:07,D53601,846.0,-22.90306,-43.54968,26.0
2020-04-12 00:05:08,B51520,917.0,-22.87736,-43.36845,0.0
2020-04-12 00:05:08,B51524,917.0,-22.87737000000001,-43.36879,0.0
2020-04-12 00:05:08,B51614,SV917,-22.87748,-43.36879,0.0
2020-04-12 00:05:09,C30313,557.0,-22.95122000000001,-43.34829000000001,0.0
2020-04-12 00:05:09,C51543,371.0,-22.87759,-43.36899,0.0
2020-04-12 00:05:09,C51556,371.0,-22.87664,-43.36871,0.0
2020-04-12 00:05:09,D12124,2383.0,-22.89542,-43.56093,0.0
2020-04-12 00:05:10,D53928,2310.0,-22.88352,-43.49571,0.0
2020-04-12 00:05:10,D86275,864.0,-22.89428,-43.53192,0.0
2020-04-12 00:05:11,D53525,SV870,-22.88363,-43.4956,0.0
2020-04-12 00:05:11,D53563,397.0,-22.90216,-43.55528,0.0
2020-04-12 00:05:12,B31093,483.0,-22.8369,-43.28439,0.0
2020-04-12 00:05:12,B51587,SV917,-22.87747,-43.36889,0.0
2020-04-12 00:05:12,C30123,557.0,-22.9509,-43.34805,0.0
2020-04-12 00:05:12,C47637,861.0,-22.95149,-43.34885,0.0
2020-04-12 00:05:12,C51650,371.0,-22.87671,-43.3687,0.0
2020-04-12 00:05:12,D86329,866.0,-22.90238,-43.54843,49.0
2020-04-12 00:05:13,B63005,919.0,-22.79302,-43.29446,0.0
2020-04-12 00:05:14,C30327,557.0,-22.95103,-43.34853,0.0
2020-04-12 00:05:17,C47707,880.0,-22.9529,-43.3506,0.0
2020-04-12 00:05:17,C51561,723.0,-22.87645,-43.36834,0.0
2020-04-12 00:05:17,D53543,397.0,-22.87568,-43.2424,55.0
2020-04-12 00:05:18,B31096,483.0,-22.80404,-43.31017,0.0
2020-04-12 00:05:18,D13122,803.0,-22.87589,-43.41872,0.0
2020-04-12 00:05:19,C30218,557.0,-22.9509,-43.34818,0.0
2020-04-12 00:05:19,D53537,759.0,-22.90946,-43.57944000000001,50.0
2020-04-12 00:05:20,C30114,557.0,-22.95084,-43.34824,0.0
2020-04-12 00:05:22,D13013,SV790,-22.8837,-43.55291,0.0
2020-04-12 00:05:25,D13339,383.0,-22.8762,-43.41973,0.0
2020-04-12 00:05:27,C47867,601.0,-22.95294,-43.35112,0.0
2020-04-12 00:05:28,D13379,LECD29,-22.87597,-43.41999000000001,0.0
2020-04-12 00:05:29,C30063,557.0,-22.95149,-43.34825,0.0
2020-04-12 00:05:32,C30071,557.0,-22.95034,-43.34827,0.0
2020-04-12 00:00:33,D53541,759.0,-22.880679999999998,-43.50117,0.0
2020-04-12 00:02:25,B44642,685.0,-22.860689999999998,-43.35641,0.0
2020-04-12 00:03:59,D86146,802.0,-22.895020000000002,-43.53372,0.0
2020-04-12 00:04:38,D86318,864.0,-22.89463,-43.533809999999995,0.0
2020-04-12 00:04:52,D86200,864.0,-22.894470000000002,-43.53391,0.0
2020-04-12 00:05:05,D86192,851.0,-22.894779999999997,-43.5333,0.0
2020-04-12 00:05:10,D53928,2310.0,-22.88352,-43.495709999999995,0.0
2020-04-12 00:05:19,D86006,864.0,-22.89506,-43.532779999999995,0.0
2020-04-12 00:05:23,B44671,685.0,-22.86017,-43.35646,0.0
2020-04-12 00:05:44,B31033,485.0,-22.80424,-43.31125,0.0
2020-04-12 00:05:58,D86731,2804.0,-22.89442,-43.53331,0.0
2020-04-12 00:06:13,B63005,919.0,-22.793020000000002,-43.29446,0.0
2020-04-12 00:06:18,D86378,884.0,-22.894379999999998,-43.533390000000004,0.0
2020-04-12 00:06:27,D53694,393.0,-22.88273,-43.49544,43.0
2020-04-12 00:06:30,C44613,685.0,-22.86068,-43.35599000000001,0.0
2020-04-12 00:06:55,D86322,864.0,-22.895039999999998,-43.53369,0.0
2020-04-12 00:06:59,B44645,685.0,-22.860870000000002,-43.35655,0.0
2020-04-12 00:07:20,D86181,835.0,-22.89488,-43.53204,0.0
2020-04-12 00:07:40,C47862,862.0,-22.97654,-43.364,53.0
2020-04-12 00:07:41,D53525,SV870,-22.88363,-43.4956,0.0
2020-04-12 00:07:43,D86257,864.0,-22.89452,-43.53182,0.0
2020-04-12 00:07:44,D12161,SV2333,-22.89546,-43.56113,0.0
2020-04-12 00:07:45,D53675,397.0,-22.82005,-43.31644,84.0
2020-04-12 00:07:47,D12160,2382.0,-22.89615,-43.5615,0.0
2020-04-12 00:07:47,D53543,397.0,-22.87349,-43.24411,0.0
2020-04-12 00:07:49,C12047,2308.0,-22.895410000000002,-43.561009999999996,0.0
2020-04-12 00:07:49,D53537,759.0,-22.90779,-43.564170000000004,31.0
2020-04-12 00:07:50,B51521,624.0,-22.87641,-43.36796,0.0
2020-04-12 00:07:50,C44520,712.0,-22.860879999999998,-43.356429999999996,0.0
2020-04-12 00:07:50,D53551,759.0,-22.93555,-43.655809999999995,0.0
2020-04-12 00:07:50,D53698,759.0,-22.83269,-43.34234,0.0
2020-04-12 00:07:51,C12013,2308.0,-22.89609,-43.56151,0.0
2020-04-12 00:07:51,D53577,397.0,-22.90007,-43.54248,26.0
2020-04-12 00:07:52,D53608,393.0,-22.88861,-43.488209999999995,9.0
2020-04-12 00:07:52,D53682,397.0,-22.89503,-43.537240000000004,41.0
2020-04-12 00:07:54,C12022,2308.0,-22.89658,-43.56062,0.0
2020-04-12 00:07:54,D53505,,-22.88366,-43.49558,0.0
2020-04-12 00:07:55,D53506,393.0,-22.81449,-43.29486,72.0
2020-04-12 00:07:55,D53670,397.0,-22.87764,-43.24147,41.0
2020-04-12 00:07:57,B51549,SV917,-22.877489999999998,-43.36861,0.0
2020-04-12 00:07:57,D53556,397.0,-22.831020000000002,-43.35118,24.0
2020-04-12 00:07:58,D12128,2018.0,-22.8964,-43.560559999999995,0.0
2020-04-12 00:07:58,D86325,864.0,-22.894029999999997,-43.53175,0.0
2020-04-12 00:07:59,B51577,624.0,-22.87743,-43.36821,0.0
2020-04-12 00:07:59,C12025,2329.0,-22.8955,-43.56085,0.0
2020-04-12 00:07:59,C51615,371.0,-22.87625,-43.368159999999996,0.0
2020-04-12 00:07:59,D53544,759.0,-22.86159,-43.54738,76.0
2020-04-12 00:07:59,D53733,846.0,-22.88364,-43.494820000000004,0.0
2020-04-12 00:07:59,D86121,852.0,-22.87569,-43.46964000000001,8.0
2020-04-12 00:08:01,B51533,917.0,-22.87738,-43.36851,0.0
2020-04-12 00:08:01,B51586,SV917,-22.87761,-43.36821,0.0
2020-04-12 00:08:01,C51560,371.0,-22.87732,-43.3686,0.0
2020-04-12 00:08:01,D12142,2383.0,-22.8954,-43.56092,0.0
2020-04-12 00:08:01,D53674,397.0,-22.84941,-43.246959999999994,39.0
2020-04-12 00:08:03,B31022,483.0,-22.80392,-43.30999,0.0
2020-04-12 00:08:03,B51624,SV917,-22.87662000000001,-43.368829999999996,0.0
2020-04-12 00:08:04,A29035,471.0,-22.86817000000001,-43.29221,0.0
2020-04-12 00:08:05,C12043,2335.0,-22.91547000000001,-43.68333,0.0
2020-04-12 00:08:07,D53601,846.0,-22.9125,-43.54502,7.0
2020-04-12 00:08:08,B51520,917.0,-22.87736,-43.36845,0.0
2020-04-12 00:08:08,B51524,917.0,-22.87737000000001,-43.368790000000004,0.0
2020-04-12 00:08:08,B51614,SV917,-22.87748,-43.368790000000004,0.0
2020-04-12 00:08:08,C30238,557.0,-22.950210000000002,-43.34829000000001,0.0
2020-04-12 00:08:09,C51543,371.0,-22.877589999999998,-43.368990000000004,0.0
2020-04-12 00:08:09,C51556,371.0,-22.87664,-43.36871,0.0
2020-04-12 00:08:09,D12124,2383.0,-22.89542,-43.56093,0.0
2020-04-12 00:08:10,A29011,102.0,-22.86823,-43.291309999999996,0.0
2020-04-12 00:08:10,D86275,864.0,-22.89422,-43.53199,0.0
2020-04-12 00:08:11,B51535,624.0,-22.87653,-43.36869,0.0
2020-04-12 00:08:11,C51650,371.0,-22.87671,-43.3687,0.0
2020-04-12 00:08:11,D53563,397.0,-22.9021,-43.55591,0.0
2020-04-12 00:08:12,B31093,483.0,-22.837,-43.282090000000004,11.0
2020-04-12 00:08:12,B51587,SV917,-22.877470000000002,-43.36889,0.0
2020-04-12 00:08:12,C47637,861.0,-22.95149,-43.34885,0.0
2020-04-12 00:08:12,D86329,866.0,-22.89329,-43.53234000000001,20.0
2020-04-12 00:08:13,B31050,497.0,-22.80415,-43.310340000000004,8.0
2020-04-12 00:08:13,B51630,SV917,-22.87681,-43.36857,0.0
2020-04-12 00:08:14,C30327,557.0,-22.95103,-43.34853,0.0
2020-04-12 00:08:15,B42613,650.0,-22.85998,-43.369820000000004,25.0
2020-04-12 00:08:16,C47707,880.0,-22.9529,-43.3506,0.0
2020-04-12 00:08:16,C51510,371.0,-22.87728,-43.36844,0.0
2020-04-12 00:08:17,C51561,723.0,-22.87645,-43.36834,0.0
2020-04-12 00:08:18,B31096,483.0,-22.804000000000002,-43.31021,0.0
2020-04-12 00:08:18,B51634,917.0,-22.876720000000002,-43.3687,0.0
2020-04-12 00:08:18,C51506,371.0,-22.8764,-43.3681,0.0
2020-04-12 00:08:19,D13122,803.0,-22.87589,-43.41872,0.0
2020-04-12 00:08:20,B51621,SV917,-22.87756,-43.36893,0.0
2020-04-12 00:08:20,C30114,557.0,-22.95084,-43.348240000000004,0.0
2020-04-12 00:08:21,C30218,557.0,-22.9509,-43.34818,0.0
2020-04-12 00:08:22,D13013,SV790,-22.8837,-43.55291,0.0
2020-04-12 00:08:25,D13339,383.0,-22.8762,-43.41973,0.0
2020-04-12 00:08:28,D13379,LECD29,-22.875970000000002,-43.41999000000001,0.0
2020-04-12 00:08:29,C30063,557.0,-22.95149,-43.34825,0.0
2020-04-12 00:08:29,C47867,601.0,-22.952939999999998,-43.35112,0.0
2020-04-12 00:08:32,C30071,557.0,-22.95034,-43.34827,0.0
2020-04-12 00:08:33,C30249,565.0,-22.95007,-43.348279999999995,0.0
2020-04-12 00:08:33,D13344,875.0,-22.8801,-43.35823,0.0
2020-04-12 00:08:34,D13164,746.0,-22.88038,-43.47582,52.0
2020-04-12 00:08:35,C30014,876.0,-22.95135,-43.34843,0.0
2020-04-12 00:08:35,C47773,880.0,-22.95295,-43.35046,0.0
2020-04-12 00:08:36,C47774,880.0,-22.95319,-43.35002,0.0
2020-04-12 00:08:37,C30136,343.0,-22.950110000000002,-43.34818,0.0
2020-04-12 00:08:39,C30313,557.0,-22.95122000000001,-43.34829000000001,0.0
2020-04-12 00:08:42,C30123,557.0,-22.9509,-43.34805,0.0
2020-04-12 00:00:33,D53541,759.0,-22.88068,-43.50117,0.0
2020-04-12 00:05:19,D86006,864.0,-22.89506,-43.53278,0.0
2020-04-12 00:06:13,B63005,919.0,-22.79302,-43.29446,0.0
2020-04-12 00:06:18,D86378,884.0,-22.89438,-43.53339,0.0
2020-04-12 00:06:55,D86322,864.0,-22.89504,-43.53369,0.0
2020-04-12 00:06:59,B44645,685.0,-22.86087,-43.35655,0.0
2020-04-12 00:07:50,C44520,712.0,-22.86088,-43.35643,0.0
2020-04-12 00:08:43,D53673,397.0,-22.88386,-43.49513,0.0
2020-04-12 00:08:46,D86186,864.0,-22.89528,-43.53365,0.0
2020-04-12 00:08:47,D53543,397.0,-22.87349,-43.24411,0.0
2020-04-12 00:08:48,D53661,397.0,-22.88348,-43.49519,0.0
2020-04-12 00:08:51,B32681,342.0,-22.81639,-43.39422,0.0
2020-04-12 00:08:56,C27090,SV774,-22.81717,-43.30225,0.0
2020-04-12 00:09:02,B44529,685.0,-22.86106,-43.35617,0.0
2020-04-12 00:09:10,D86340,864.0,-22.8947,-43.5327,0.0
2020-04-12 00:09:36,B44695,685.0,-22.86065,-43.35585,0.0
2020-04-12 00:10:00,D53572,397.0,-22.88375,-43.49595,0.0
2020-04-12 00:10:03,D87031,896.0,-22.91733,-43.60768,0.0
2020-04-12 00:10:04,D13164,746.0,-22.88016,-43.46735,38.0
2020-04-12 00:10:05,D53925,2310.0,-22.88356,-43.49572,0.0
2020-04-12 00:10:05,D86167,864.0,-22.89468,-43.5338,0.0
2020-04-12 00:10:08,B11530,908.0,-22.8667,-43.35526,0.0
2020-04-12 00:10:09,D86326,864.0,-22.89538,-43.53331,0.0
2020-04-12 00:10:10,D53713,819.0,-22.88453,-43.49479,0.0
2020-04-12 00:10:27,D53694,393.0,-22.88381,-43.49495,0.0
2020-04-12 00:10:30,C44613,685.0,-22.86067,-43.35597,0.0
2020-04-12 00:10:34,A29035,471.0,-22.86821,-43.2922,0.0
2020-04-12 00:10:38,B51520,917.0,-22.87736,-43.36845,0.0
2020-04-12 00:10:38,B51524,917.0,-22.87737000000001,-43.36879,0.0
2020-04-12 00:10:39,C51543,371.0,-22.87759,-43.36899,0.0
2020-04-12 00:10:41,B51535,624.0,-22.87653,-43.36869,0.0
2020-04-12 00:10:42,B51587,SV917,-22.87747,-43.36889,0.0
2020-04-12 00:10:42,C51650,371.0,-22.87671,-43.3687,0.0
2020-04-12 00:10:43,B51630,SV917,-22.87681,-43.36857,0.0
2020-04-12 00:10:43,D86762,2804.0,-22.89376,-43.53256,0.0
2020-04-12 00:10:46,C47641,554.0,-22.95623,-43.17778,41.0
2020-04-12 00:10:46,C51510,371.0,-22.87728,-43.36844,0.0
2020-04-12 00:10:47,C51561,723.0,-22.87645,-43.36834,0.0
2020-04-12 00:10:48,B51634,917.0,-22.87672,-43.3687,0.0
2020-04-12 00:10:48,C51506,371.0,-22.8764,-43.3681,0.0
2020-04-12 00:10:49,C12047,2308.0,-22.89541,-43.56101,0.0
2020-04-12 00:10:49,D53537,759.0,-22.89886,-43.54118,42.0
2020-04-12 00:10:50,B51521,624.0,-22.87641,-43.36796,0.0
2020-04-12 00:10:50,B51621,SV917,-22.87756,-43.36893,0.0
2020-04-12 00:10:50,D53551,759.0,-22.93554,-43.65582,0.0
2020-04-12 00:10:50,D53698,759.0,-22.83186,-43.34315,0.0
2020-04-12 00:10:51,A29011,102.0,-22.86799,-43.29121,0.0
2020-04-12 00:10:51,C12013,2308.0,-22.89609,-43.56151,0.0
2020-04-12 00:10:51,D53577,397.0,-22.89127,-43.52723,66.0
2020-04-12 00:10:52,D53608,393.0,-22.88261,-43.48635,0.0
2020-04-12 00:10:52,D53682,397.0,-22.90132,-43.55436,19.0
2020-04-12 00:10:53,B28501,325.0,-22.81606,-43.18821,0.0
2020-04-12 00:10:54,D53505,,-22.88366,-43.49558,0.0
2020-04-12 00:10:55,C12022,2308.0,-22.89662,-43.56061,0.0
2020-04-12 00:10:55,D53506,393.0,-22.82843,-43.273,68.0
2020-04-12 00:10:57,B51549,SV917,-22.87749,-43.36861,0.0
2020-04-12 00:10:57,D53556,397.0,-22.84128,-43.37149,16.0
2020-04-12 00:10:58,A29150,471.0,-22.86866,-43.29201,16.0
2020-04-12 00:10:58,D12128,2018.0,-22.8964,-43.56056,0.0
2020-04-12 00:10:58,D53670,397.0,-22.88527,-43.22671,0.0
2020-04-12 00:10:58,D86325,864.0,-22.89406,-43.53177,0.0
2020-04-12 00:10:59,B51577,624.0,-22.87743,-43.36821,0.0
2020-04-12 00:10:59,C12025,2329.0,-22.8955,-43.56085,0.0
2020-04-12 00:10:59,C51615,371.0,-22.87625,-43.36816,0.0
2020-04-12 00:10:59,D53544,759.0,-22.86593,-43.58213,63.0
2020-04-12 00:10:59,D53733,846.0,-22.88364,-43.49483,0.0
2020-04-12 00:10:59,D86121,852.0,-22.88219,-43.48289000000001,0.0
2020-04-12 00:11:01,B51533,917.0,-22.87738,-43.36851,0.0
2020-04-12 00:11:01,B51586,SV917,-22.87761,-43.36821,0.0
2020-04-12 00:11:01,C47867,601.0,-22.95294,-43.35112,0.0
2020-04-12 00:11:01,C51560,371.0,-22.87732,-43.3686,0.0
2020-04-12 00:11:01,D12142,2383.0,-22.8954,-43.56092,0.0
2020-04-12 00:11:01,D53674,397.0,-22.83804,-43.2557,52.0
2020-04-12 00:11:02,C30071,557.0,-22.95034,-43.34827,0.0
2020-04-12 00:11:03,B31022,483.0,-22.80404,-43.30948,0.0
2020-04-12 00:11:03,B51624,SV917,-22.87662000000001,-43.36883,0.0
2020-04-12 00:11:03,C30249,565.0,-22.95007,-43.34828,0.0
2020-04-12 00:11:03,D13344,875.0,-22.8801,-43.35823,0.0
2020-04-12 00:11:05,C12043,2335.0,-22.91547000000001,-43.68333,0.0
2020-04-12 00:11:05,C30014,876.0,-22.95135,-43.34843,0.0
2020-04-12 00:11:05,C47773,880.0,-22.95295,-43.35046,0.0
2020-04-12 00:11:05,D86008,864.0,-22.8946,-43.53234000000001,0.0
2020-04-12 00:11:07,C30136,343.0,-22.95008,-43.34818,0.0
2020-04-12 00:11:07,D53601,846.0,-22.91654,-43.53533,43.0
2020-04-12 00:11:07,D86405,864.0,-22.89492000000001,-43.53358,0.0
2020-04-12 00:11:08,B51614,SV917,-22.87748,-43.36879,0.0
2020-04-12 00:11:08,C47774,880.0,-22.95319,-43.35002,0.0
2020-04-12 00:11:09,C30313,557.0,-22.95122000000001,-43.34829000000001,0.0
2020-04-12 00:11:09,C47862,862.0,-22.95505,-43.35471,7.0
2020-04-12 00:11:09,C51556,371.0,-22.87664,-43.36871,0.0
2020-04-12 00:11:09,D12124,2383.0,-22.89542,-43.56093,0.0
2020-04-12 00:11:10,D86275,864.0,-22.8943,-43.53191,0.0
2020-04-12 00:11:11,C30238,557.0,-22.95021,-43.34829000000001,0.0
2020-04-12 00:11:11,D53525,SV870,-22.88363,-43.4956,0.0
2020-04-12 00:11:11,D53563,397.0,-22.90186,-43.55488,0.0
2020-04-12 00:11:12,B31093,483.0,-22.83468,-43.28183,25.0
2020-04-12 00:11:12,C30123,557.0,-22.9509,-43.34805,0.0
2020-04-12 00:11:12,C47637,861.0,-22.95149,-43.34885,0.0
2020-04-12 00:11:12,C47741,552.0,-23.00153,-43.36604000000001,0.0
2020-04-12 00:11:12,D86329,866.0,-22.89376,-43.53188,0.0
2020-04-12 00:11:13,B31050,497.0,-22.80398,-43.31002,0.0
2020-04-12 00:11:13,D53675,397.0,-22.82482000000001,-43.27761,87.0
2020-04-12 00:11:14,C30327,557.0,-22.95103,-43.34853,0.0
2020-04-12 00:11:14,D12161,SV2333,-22.89546,-43.56113,0.0
2020-04-12 00:11:14,D86184,838.0,-22.89521,-43.53314,0.0
2020-04-12 00:11:15,B42613,650.0,-22.85102,-43.36564,18.0
2020-04-12 00:11:16,C47707,880.0,-22.9529,-43.3506,0.0
2020-04-12 00:11:17,D12160,2382.0,-22.89615,-43.5615,0.0
2020-04-12 00:11:18,B31096,483.0,-22.80398,-43.30965,0.0
2020-04-12 00:11:18,D13122,803.0,-22.87589,-43.41872,0.0
2020-04-12 00:11:20,C30114,557.0,-22.95084,-43.34824,0.0
2020-04-12 00:11:22,C30218,557.0,-22.9509,-43.34818,0.0
2020-04-12 00:11:22,D13013,SV790,-22.8837,-43.55291,0.0
2020-04-12 00:11:25,D13339,383.0,-22.8762,-43.41973,0.0
2020-04-12 00:11:28,D13379,LECD29,-22.87597,-43.41999000000001,0.0
2020-04-12 00:11:29,C30063,557.0,-22.95149,-43.34825,0.0
2020-04-12 00:04:03,D53541,759.0,-22.880670000000002,-43.501020000000004,0.0
2020-04-12 00:08:43,D53673,397.0,-22.883860000000002,-43.495129999999996,0.0
2020-04-12 00:08:51,B32681,342.0,-22.81639,-43.394220000000004,0.0
2020-04-12 00:09:02,B44529,685.0,-22.861060000000002,-43.35617,0.0
2020-04-12 00:10:05,D86167,864.0,-22.894679999999997,-43.5338,0.0
2020-04-12 00:10:08,B11530,908.0,-22.8667,-43.355259999999994,0.0
2020-04-12 00:10:10,D53713,819.0,-22.884529999999998,-43.49479,0.0
2020-04-12 00:10:38,D86089,864.0,-22.894660000000002,-43.53389,0.0
2020-04-12 00:11:04,A29035,471.0,-22.86821,-43.29219000000001,0.0
2020-04-12 00:11:14,D86184,838.0,-22.895210000000002,-43.53314,0.0
2020-04-12 00:11:42,D86098,864.0,-22.89548,-43.533609999999996,0.0
2020-04-12 00:11:43,D86328,864.0,-22.89444,-43.53369,0.0
2020-04-12 00:12:07,D86336,864.0,-22.895229999999998,-43.53364000000001,0.0
2020-04-12 00:12:08,D53543,397.0,-22.87344,-43.24415,0.0
2020-04-12 00:12:11,B44677,685.0,-22.86039,-43.35549,0.0
2020-04-12 00:12:17,D86185,864.0,-22.8947,-43.533390000000004,0.0
2020-04-12 00:12:18,D86317,864.0,-22.89424,-43.53204,0.0
2020-04-12 00:12:30,C44613,685.0,-22.860670000000002,-43.35597,0.0
2020-04-12 00:12:36,D86391,883.0,-22.89344,-43.531859999999995,0.0
2020-04-12 00:12:40,D53671,,-22.88342,-43.4954,0.0
2020-04-12 00:12:41,B31096,483.0,-22.80398,-43.30963,0.0
2020-04-12 00:12:50,D86012,864.0,-22.89538,-43.53355,0.0
2020-04-12 00:12:52,D86330,864.0,-22.89449,-43.53284,0.0
2020-04-12 00:13:00,D53678,,-22.86817000000001,-43.257,0.0
2020-04-12 00:13:08,D86128,802.0,-22.8947,-43.53352,0.0
2020-04-12 00:13:12,D53675,397.0,-22.8377,-43.25708,88.0
2020-04-12 00:13:32,D53694,393.0,-22.88423,-43.49496,0.0
2020-04-12 00:13:37,B32699,342.0,-22.81655,-43.39419,0.0
2020-04-12 00:13:44,D12161,SV2333,-22.89546,-43.56113,0.0
2020-04-12 00:13:44,D53612,759.0,-22.88349,-43.49538,0.0
2020-04-12 00:13:45,B42613,650.0,-22.85054,-43.36421,0.0
2020-04-12 00:13:46,D12160,2382.0,-22.89615,-43.5615,0.0
2020-04-12 00:13:49,C12047,2308.0,-22.895410000000002,-43.561009999999996,0.0
2020-04-12 00:13:50,D53551,759.0,-22.935579999999998,-43.65578,0.0
2020-04-12 00:13:51,C12013,2308.0,-22.89609,-43.56151,0.0
2020-04-12 00:13:51,D53577,397.0,-22.88094,-43.50899999999999,47.0
2020-04-12 00:13:52,D53608,393.0,-22.883029999999998,-43.495129999999996,22.0
2020-04-12 00:13:52,D53682,397.0,-22.901970000000002,-43.554520000000004,0.0
2020-04-12 00:13:53,D86350,883.0,-22.89424,-43.53263,0.0
2020-04-12 00:13:54,D53505,,-22.88366,-43.49558,0.0
2020-04-12 00:13:55,C12022,2308.0,-22.8967,-43.56058,0.0
2020-04-12 00:13:55,D53506,393.0,-22.84337,-43.25079,29.0
2020-04-12 00:13:57,B51549,SV917,-22.877489999999998,-43.36861,0.0
2020-04-12 00:13:57,D53556,397.0,-22.85135,-43.38655,57.0
2020-04-12 00:13:58,D12128,2018.0,-22.8964,-43.560559999999995,0.0
2020-04-12 00:13:59,B51577,624.0,-22.87743,-43.36821,0.0
2020-04-12 00:13:59,C12025,2329.0,-22.8955,-43.56085,0.0
2020-04-12 00:13:59,C51615,371.0,-22.87625,-43.368159999999996,0.0
2020-04-12 00:13:59,D53544,759.0,-22.871370000000002,-43.60344,50.0
2020-04-12 00:13:59,D53733,846.0,-22.88364,-43.49483,0.0
2020-04-12 00:14:01,B51533,917.0,-22.87738,-43.36851,0.0
2020-04-12 00:14:01,B51586,SV917,-22.87761,-43.36821,0.0
2020-04-12 00:14:01,C51560,371.0,-22.87732,-43.3686,0.0
2020-04-12 00:14:01,D12142,2383.0,-22.8954,-43.56092,0.0
2020-04-12 00:14:01,D53674,397.0,-22.82563,-43.27587,33.0
2020-04-12 00:14:02,D53670,397.0,-22.896620000000002,-43.21393,51.0
2020-04-12 00:14:03,B31022,483.0,-22.80407,-43.30953,0.0
2020-04-12 00:14:03,B51624,SV917,-22.87662000000001,-43.368829999999996,0.0
2020-04-12 00:14:05,C12043,2335.0,-22.91547000000001,-43.68333,0.0
2020-04-12 00:14:05,C30014,876.0,-22.95135,-43.34843,0.0
2020-04-12 00:14:05,C47773,880.0,-22.95295,-43.35046,0.0
2020-04-12 00:14:07,C30136,343.0,-22.95008,-43.34818,0.0
2020-04-12 00:14:07,D53601,846.0,-22.922929999999997,-43.52485,45.0
2020-04-12 00:14:08,B51520,917.0,-22.87736,-43.36845,0.0
2020-04-12 00:14:08,B51524,917.0,-22.87737000000001,-43.368790000000004,0.0
2020-04-12 00:14:08,B51614,SV917,-22.87748,-43.368790000000004,0.0
2020-04-12 00:14:09,C47862,862.0,-22.95609,-43.34804000000001,33.0
2020-04-12 00:14:09,C51543,371.0,-22.877589999999998,-43.368990000000004,0.0
2020-04-12 00:14:09,C51556,371.0,-22.87664,-43.36871,0.0
2020-04-12 00:14:09,D12124,2383.0,-22.89542,-43.56093,0.0
2020-04-12 00:14:10,A29163,471.0,-22.89573,-43.24351,0.0
2020-04-12 00:14:10,C47774,880.0,-22.95319,-43.35002,0.0
2020-04-12 00:14:11,B51535,624.0,-22.87653,-43.36869,0.0
2020-04-12 00:14:11,C47741,552.0,-23.00153,-43.36604000000001,0.0
2020-04-12 00:14:11,D53563,397.0,-22.90184,-43.55498,0.0
2020-04-12 00:14:12,A29150,471.0,-22.86814,-43.29126,0.0
2020-04-12 00:14:12,B31093,483.0,-22.83711,-43.28722,0.0
2020-04-12 00:14:12,B51587,SV917,-22.877470000000002,-43.36889,0.0
2020-04-12 00:14:12,C30123,557.0,-22.9509,-43.34805,0.0
2020-04-12 00:14:12,C47637,861.0,-22.95149,-43.34885,0.0
2020-04-12 00:14:12,C51650,371.0,-22.87671,-43.3687,0.0
2020-04-12 00:14:12,D53525,SV870,-22.88363,-43.4956,0.0
2020-04-12 00:14:13,B31050,497.0,-22.80399,-43.30993,0.0
2020-04-12 00:14:13,B51630,SV917,-22.87681,-43.36857,0.0
2020-04-12 00:14:13,C30238,557.0,-22.950210000000002,-43.34829000000001,0.0
2020-04-12 00:14:14,C30327,557.0,-22.95103,-43.34853,0.0
2020-04-12 00:14:15,D86194,864.0,-22.89535,-43.53363,0.0
2020-04-12 00:14:16,C30293,565.0,-22.91601,-43.36143,0.0
2020-04-12 00:14:16,C47641,554.0,-22.97108,-43.18411,29.0
2020-04-12 00:14:16,C47707,880.0,-22.9529,-43.3506,0.0
2020-04-12 00:14:16,C51510,371.0,-22.87728,-43.36844,0.0
2020-04-12 00:14:17,C51561,723.0,-22.87645,-43.36834,0.0
2020-04-12 00:14:18,B51634,917.0,-22.876720000000002,-43.3687,0.0
2020-04-12 00:14:18,C51506,371.0,-22.8764,-43.3681,0.0
2020-04-12 00:14:18,D13122,803.0,-22.87589,-43.41872,0.0
2020-04-12 00:14:19,D53537,759.0,-22.882260000000002,-43.5142,70.0
2020-04-12 00:14:20,B51521,624.0,-22.87641,-43.36796,0.0
2020-04-12 00:14:20,B51621,SV917,-22.87756,-43.36893,0.0
2020-04-12 00:14:20,C30114,557.0,-22.95084,-43.348240000000004,0.0
2020-04-12 00:14:20,D53698,759.0,-22.83184,-43.34317,0.0
2020-04-12 00:14:21,A29011,102.0,-22.86864,-43.29269,2.0
2020-04-12 00:14:21,D86296,897.0,-22.89353,-43.53179,0.0
2020-04-12 00:14:22,D13013,SV790,-22.8837,-43.55291,0.0
2020-04-12 00:14:24,C30218,557.0,-22.9509,-43.34818,0.0
2020-04-12 00:14:25,D13339,383.0,-22.8762,-43.41973,0.0
2020-04-12 00:14:28,D13379,LECD29,-22.875970000000002,-43.41999000000001,0.0
2020-04-12 00:14:28,D86325,864.0,-22.89408,-43.531859999999995,0.0
2020-04-12 00:14:29,C30063,557.0,-22.95149,-43.34825,0.0
2020-04-12 00:14:29,D86121,852.0,-22.88148,-43.49894000000001,34.0
2020-04-12 00:14:31,C30071,557.0,-22.950329999999997,-43.34835,0.0
2020-04-12 00:14:33,C30249,565.0,-22.95007,-43.348279999999995,0.0
2020-04-12 00:14:33,C47867,601.0,-22.952939999999998,-43.35112,0.0
2020-04-12 00:14:33,D13344,875.0,-22.8801,-43.35823,0.0
2020-04-12 00:14:34,D13164,746.0,-22.878079999999997,-43.4368,13.0
2020-04-12 00:14:39,C30313,557.0,-22.95122000000001,-43.34829000000001,0.0
2020-04-12 00:14:40,D86275,864.0,-22.89425,-43.531929999999996,0.0
2020-04-12 00:14:42,D86329,866.0,-22.89376,-43.53188,0.0
2020-04-12 00:14:43,D86327,838.0,-22.89482000000001,-43.533770000000004,0.0
2020-04-12 00:10:03,D53541,759.0,-22.88119,-43.50045,7.0
2020-04-12 00:10:38,D86089,864.0,-22.89466,-43.53389,0.0
2020-04-12 00:11:42,D86098,864.0,-22.89548,-43.53361,0.0
2020-04-12 00:12:07,D86336,864.0,-22.89523,-43.53364000000001,0.0
2020-04-12 00:12:17,D86185,864.0,-22.8947,-43.53339,0.0
2020-04-12 00:12:36,D86391,883.0,-22.89344,-43.53186,0.0
2020-04-12 00:14:37,A29163,471.0,-22.89573,-43.24351,0.0
2020-04-12 00:14:43,D86327,838.0,-22.89482000000001,-43.53377,0.0
2020-04-12 00:15:20,D86080,802.0,-22.89392,-43.53205,0.0
2020-04-12 00:15:37,C44568,685.0,-22.86085,-43.35565,0.0
2020-04-12 00:15:42,D53677,397.0,-22.88414,-43.49528,0.0
2020-04-12 00:16:12,A29150,471.0,-22.86778,-43.29094,13.0
2020-04-12 00:16:13,D86023,851.0,-22.89524,-43.53318,0.0
2020-04-12 00:16:15,A29011,102.0,-22.86867,-43.29268,0.0
2020-04-12 00:16:18,D53687,17.0,-22.8834,-43.49528,0.0
2020-04-12 00:16:27,D53694,393.0,-22.88433,-43.49495,0.0
2020-04-12 00:16:30,C44613,685.0,-22.86067,-43.35596,0.0
2020-04-12 00:16:32,B42647,457.0,-22.8857,-43.30059,0.0
2020-04-12 00:16:45,B42613,650.0,-22.85407,-43.35519,18.0
2020-04-12 00:16:48,C27119,SV774,-22.81686,-43.30155,0.0
2020-04-12 00:16:50,D53551,759.0,-22.93555,-43.6558,0.0
2020-04-12 00:16:50,D86169,838.0,-22.89501,-43.53344,0.0
2020-04-12 00:16:51,C12013,2308.0,-22.89609,-43.56151,0.0
2020-04-12 00:16:51,D53577,397.0,-22.88358,-43.49313,48.0
2020-04-12 00:16:52,D86255,864.0,-22.89548,-43.53339,0.0
2020-04-12 00:16:52,D86399,864.0,-22.89491,-43.53305,0.0
2020-04-12 00:16:54,D86320,838.0,-22.89461,-43.53351,0.0
2020-04-12 00:16:55,C12022,2308.0,-22.89688,-43.56063,0.0
2020-04-12 00:16:55,D53505,,-22.88366,-43.49558,0.0
2020-04-12 00:16:57,D53556,397.0,-22.85987,-43.40724,58.0
2020-04-12 00:16:58,D12128,2018.0,-22.8964,-43.56056,0.0
2020-04-12 00:16:58,D86325,864.0,-22.89405,-43.5317,0.0
2020-04-12 00:16:59,C12025,2329.0,-22.8955,-43.56085,0.0
2020-04-12 00:16:59,C51615,371.0,-22.87625,-43.36816,0.0
2020-04-12 00:16:59,D53544,759.0,-22.87963,-43.62633,71.0
2020-04-12 00:16:59,D53733,846.0,-22.88364,-43.49485,0.0
2020-04-12 00:16:59,D86121,852.0,-22.88111,-43.51161,50.0
2020-04-12 00:17:01,D12142,2383.0,-22.8954,-43.56092,0.0
2020-04-12 00:17:01,D53674,397.0,-22.81431,-43.29361,0.0
2020-04-12 00:17:03,B31022,483.0,-22.80433,-43.30947000000001,0.0
2020-04-12 00:17:03,B51624,SV917,-22.87662000000001,-43.36883,0.0
2020-04-12 00:17:03,C30249,565.0,-22.95007,-43.34828,0.0
2020-04-12 00:17:04,D13164,746.0,-22.87813,-43.42323,35.0
2020-04-12 00:17:04,D13344,875.0,-22.8801,-43.35823,0.0
2020-04-12 00:17:05,C12043,2335.0,-22.91667,-43.68463,29.0
2020-04-12 00:17:05,C30014,876.0,-22.95135,-43.34843,0.0
2020-04-12 00:17:05,C47773,880.0,-22.95295,-43.35046,0.0
2020-04-12 00:17:05,C47867,601.0,-22.95294,-43.35112,0.0
2020-04-12 00:17:06,D53670,397.0,-22.90886,-43.20189,49.0
2020-04-12 00:17:06,D86195,835.0,-22.89403,-43.53165,0.0
2020-04-12 00:17:07,C30136,343.0,-22.95008,-43.34818,0.0
2020-04-12 00:17:07,D53601,846.0,-22.92443,-43.51445,3.0
2020-04-12 00:17:08,B51520,917.0,-22.87736,-43.36845,0.0
2020-04-12 00:17:08,B51524,917.0,-22.87737000000001,-43.36879,0.0
2020-04-12 00:17:08,B51614,SV917,-22.87748,-43.36879,0.0
2020-04-12 00:17:09,C30313,557.0,-22.95122000000001,-43.34829000000001,0.0
2020-04-12 00:17:09,C47862,862.0,-22.95528,-43.33956,29.0
2020-04-12 00:17:09,C51543,371.0,-22.87759,-43.36899,0.0
2020-04-12 00:17:09,C51556,371.0,-22.87664,-43.36871,0.0
2020-04-12 00:17:09,D12124,2383.0,-22.89542,-43.56093,0.0
2020-04-12 00:17:10,D86275,864.0,-22.89424,-43.53195,0.0
2020-04-12 00:17:11,B51535,624.0,-22.87653,-43.36869,0.0
2020-04-12 00:17:11,C47741,552.0,-23.00153,-43.36604000000001,0.0
2020-04-12 00:17:11,D53563,397.0,-22.90273,-43.55489,68.0
2020-04-12 00:17:12,B31093,483.0,-22.8371,-43.2872,0.0
2020-04-12 00:17:12,B51587,SV917,-22.87747,-43.36889,0.0
2020-04-12 00:17:12,C30123,557.0,-22.9509,-43.34805,0.0
2020-04-12 00:17:12,C47637,861.0,-22.95149,-43.34885,0.0
2020-04-12 00:17:12,C47774,880.0,-22.95319,-43.35002,0.0
2020-04-12 00:17:12,C51650,371.0,-22.87671,-43.3687,0.0
2020-04-12 00:17:12,D53525,SV870,-22.88363,-43.4956,0.0
2020-04-12 00:17:12,D86329,866.0,-22.89378,-43.53186,0.0
2020-04-12 00:17:13,B31050,497.0,-22.80391,-43.30988,0.0
2020-04-12 00:17:13,B51630,SV917,-22.87681,-43.36857,0.0
2020-04-12 00:17:14,C30327,557.0,-22.95103,-43.34853,0.0
2020-04-12 00:17:14,D12161,SV2333,-22.89546,-43.56113,0.0
2020-04-12 00:17:15,C30238,557.0,-22.95021,-43.34829000000001,0.0
2020-04-12 00:17:15,C47707,880.0,-22.9529,-43.3506,0.0
2020-04-12 00:17:15,D53675,397.0,-22.85883,-43.24804,0.0
2020-04-12 00:17:16,C30293,565.0,-22.91601,-43.36143,0.0
2020-04-12 00:17:16,C47641,554.0,-22.98509,-43.19142,28.0
2020-04-12 00:17:16,C51510,371.0,-22.87728,-43.36844,0.0
2020-04-12 00:17:17,C51561,723.0,-22.87645,-43.36834,0.0
2020-04-12 00:17:17,D12160,2382.0,-22.89615,-43.5615,0.0
2020-04-12 00:17:18,B51634,917.0,-22.87672,-43.3687,0.0
2020-04-12 00:17:18,C47754,600.0,-22.91864,-43.38465,22.0
2020-04-12 00:17:18,C51506,371.0,-22.8764,-43.3681,0.0
2020-04-12 00:17:18,D13122,803.0,-22.87589,-43.41872,0.0
2020-04-12 00:17:19,C12047,2308.0,-22.89541,-43.56101,0.0
2020-04-12 00:17:19,D53537,759.0,-22.88368,-43.49497,0.0
2020-04-12 00:17:20,B51521,624.0,-22.87641,-43.36796,0.0
2020-04-12 00:17:20,B51621,SV917,-22.87756,-43.36893,0.0
2020-04-12 00:17:20,C30114,557.0,-22.95084,-43.34824,0.0
2020-04-12 00:17:20,D53698,759.0,-22.83134,-43.34452,39.0
2020-04-12 00:17:22,D13013,SV790,-22.8837,-43.55291,0.0
2020-04-12 00:17:22,D53608,393.0,-22.88372,-43.49493,2.0
2020-04-12 00:17:22,D53682,397.0,-22.90199,-43.55452,0.0
2020-04-12 00:17:25,D13339,383.0,-22.8762,-43.41973,0.0
2020-04-12 00:17:25,D53506,393.0,-22.8585,-43.24793,51.0
2020-04-12 00:17:26,C30218,557.0,-22.9509,-43.34818,0.0
2020-04-12 00:17:27,B51549,SV917,-22.87749,-43.36861,0.0
2020-04-12 00:17:28,D13379,LECD29,-22.87597,-43.41999000000001,0.0
2020-04-12 00:17:29,B51577,624.0,-22.87743,-43.36821,0.0
2020-04-12 00:17:29,C30063,557.0,-22.95149,-43.34825,0.0
2020-04-12 00:17:31,B51533,917.0,-22.87738,-43.36851,0.0
2020-04-12 00:17:31,B51586,SV917,-22.87761,-43.36821,0.0
2020-04-12 00:17:31,C30071,557.0,-22.95033,-43.34835,0.0
2020-04-12 00:17:31,C51560,371.0,-22.87732,-43.3686,0.0
2020-04-12 00:02:54,D53617,393.0,-22.82544,-43.336420000000004,42.0
2020-04-12 00:16:48,C27119,SV774,-22.816860000000002,-43.30155,0.0
2020-04-12 00:16:52,D86255,864.0,-22.89548,-43.533390000000004,0.0
2020-04-12 00:17:33,D53541,,-22.88409,-43.49484,0.0
2020-04-12 00:17:36,D86299,897.0,-22.89329,-43.53201,0.0
2020-04-12 00:17:40,D86203,864.0,-22.895,-43.53295,0.0
2020-04-12 00:17:42,D86179,SV866,-22.89524,-43.53364000000001,0.0
2020-04-12 00:17:45,B32646,342.0,-22.81658,-43.394459999999995,0.0
2020-04-12 00:17:51,B44509,685.0,-22.8607,-43.355470000000004,0.0
2020-04-12 00:17:55,A29150,471.0,-22.86818,-43.29215,0.0
2020-04-12 00:17:58,D86334,864.0,-22.894579999999998,-43.533590000000004,0.0
2020-04-12 00:18:05,D53910,2310.0,-22.88404,-43.49545,0.0
2020-04-12 00:18:12,D86721,2804.0,-22.89392,-43.53288,0.0
2020-04-12 00:18:16,A29011,102.0,-22.868579999999998,-43.29267,0.0
2020-04-12 00:18:16,D86122,864.0,-22.89442,-43.53387,0.0
2020-04-12 00:18:21,D86406,864.0,-22.89506,-43.53305,0.0
2020-04-12 00:18:41,D86131,835.0,-22.89489,-43.533559999999994,0.0
2020-04-12 00:18:58,C44686,712.0,-22.8606,-43.35635,0.0
2020-04-12 00:19:07,D53601,846.0,-22.91939,-43.51266,21.0
2020-04-12 00:19:31,D86116,851.0,-22.89487,-43.53318,0.0
2020-04-12 00:19:38,D86279,835.0,-22.8949,-43.5331,0.0
2020-04-12 00:19:39,D53606,,-22.86805,-43.25694,0.0
2020-04-12 00:20:03,B51624,SV917,-22.87662000000001,-43.368829999999996,0.0
2020-04-12 00:20:05,D53654,759.0,-22.88382,-43.495870000000004,0.0
2020-04-12 00:20:08,B51520,917.0,-22.87736,-43.36845,0.0
2020-04-12 00:20:08,B51524,917.0,-22.87737000000001,-43.368790000000004,0.0
2020-04-12 00:20:08,B51614,SV917,-22.87748,-43.368790000000004,0.0
2020-04-12 00:20:09,C51543,371.0,-22.877589999999998,-43.368990000000004,0.0
2020-04-12 00:20:09,C51556,371.0,-22.87664,-43.36871,0.0
2020-04-12 00:20:10,B42647,457.0,-22.8857,-43.30057,0.0
2020-04-12 00:20:11,B51535,624.0,-22.87653,-43.36869,0.0
2020-04-12 00:20:12,B51587,SV917,-22.877470000000002,-43.36889,0.0
2020-04-12 00:20:12,C47637,861.0,-22.95149,-43.34885,0.0
2020-04-12 00:20:12,C51650,371.0,-22.87671,-43.3687,0.0
2020-04-12 00:20:13,B51630,SV917,-22.87681,-43.36857,0.0
2020-04-12 00:20:13,D53680,397.0,-22.88438,-43.4948,0.0
2020-04-12 00:20:14,C47774,880.0,-22.95319,-43.35002,0.0
2020-04-12 00:20:15,D53675,397.0,-22.85884,-43.24804,0.0
2020-04-12 00:20:16,C30293,565.0,-22.91601,-43.36143,0.0
2020-04-12 00:20:16,C47641,554.0,-22.98623,-43.20763,0.0
2020-04-12 00:20:16,C51510,371.0,-22.87728,-43.36844,0.0
2020-04-12 00:20:17,C51561,723.0,-22.87645,-43.36834,0.0
2020-04-12 00:20:18,B51634,917.0,-22.876720000000002,-43.3687,0.0
2020-04-12 00:20:18,C47754,600.0,-22.922929999999997,-43.37295,23.0
2020-04-12 00:20:18,C51506,371.0,-22.8764,-43.3681,0.0
2020-04-12 00:20:18,D13122,803.0,-22.87589,-43.41872,0.0
2020-04-12 00:20:18,D86109,864.0,-22.89459,-43.5326,0.0
2020-04-12 00:20:19,C12047,2308.0,-22.895410000000002,-43.561009999999996,0.0
2020-04-12 00:20:19,D86319,835.0,-22.8954,-43.5333,0.0
2020-04-12 00:20:20,A29163,471.0,-22.89799,-43.23681,22.0
2020-04-12 00:20:20,B51521,624.0,-22.87641,-43.36796,0.0
2020-04-12 00:20:20,B51621,SV917,-22.87756,-43.36893,0.0
2020-04-12 00:20:20,C30114,557.0,-22.95084,-43.348240000000004,0.0
2020-04-12 00:20:20,D53544,759.0,-22.88593,-43.65145,81.0
2020-04-12 00:20:20,D53698,759.0,-22.83223,-43.35471,65.0
2020-04-12 00:20:21,C12013,2308.0,-22.89609,-43.56151,0.0
2020-04-12 00:20:21,D53551,759.0,-22.93553,-43.65582,0.0
2020-04-12 00:20:22,D13013,SV790,-22.8837,-43.55291,0.0
2020-04-12 00:20:22,D53577,397.0,-22.88044,-43.47756,62.0
2020-04-12 00:20:22,D53608,393.0,-22.88391,-43.49493,0.0
2020-04-12 00:20:22,D53682,397.0,-22.901989999999998,-43.554520000000004,0.0
2020-04-12 00:20:23,C47649,553.0,-22.95187,-43.34897,0.0
2020-04-12 00:20:25,C12022,2308.0,-22.89658,-43.56044,0.0
2020-04-12 00:20:25,D13339,383.0,-22.8762,-43.41973,0.0
2020-04-12 00:20:25,D53505,,-22.88366,-43.49558,0.0
2020-04-12 00:20:25,D53506,393.0,-22.8738,-43.24458,62.0
2020-04-12 00:20:27,B51549,SV917,-22.877489999999998,-43.36861,0.0
2020-04-12 00:20:27,D53556,397.0,-22.86403,-43.4341,58.0
2020-04-12 00:20:27,D53694,393.0,-22.884339999999998,-43.49498,0.0
2020-04-12 00:20:28,C30218,557.0,-22.9509,-43.34818,0.0
2020-04-12 00:20:28,D12128,2018.0,-22.8964,-43.560559999999995,0.0
2020-04-12 00:20:28,D13146,878.0,-22.91574,-43.36123,0.0
2020-04-12 00:20:28,D13379,LECD29,-22.875970000000002,-43.41999000000001,0.0
2020-04-12 00:20:28,D86325,864.0,-22.894000000000002,-43.53183,0.0
2020-04-12 00:20:29,B51577,624.0,-22.87743,-43.36821,0.0
2020-04-12 00:20:29,C12025,2329.0,-22.8955,-43.56085,0.0
2020-04-12 00:20:29,C30063,557.0,-22.95149,-43.34825,0.0
2020-04-12 00:20:29,C51615,371.0,-22.87625,-43.368159999999996,0.0
2020-04-12 00:20:29,D53733,846.0,-22.88365,-43.49485,0.0
2020-04-12 00:20:29,D86121,852.0,-22.893620000000002,-43.53358,49.0
2020-04-12 00:20:30,C30071,557.0,-22.95038,-43.34829000000001,0.0
2020-04-12 00:20:30,C44613,685.0,-22.860670000000002,-43.355979999999995,0.0
2020-04-12 00:20:30,D86195,864.0,-22.894029999999997,-43.53168,0.0
2020-04-12 00:20:31,B51533,917.0,-22.87738,-43.36851,0.0
2020-04-12 00:20:31,B51586,SV917,-22.87761,-43.36821,0.0
2020-04-12 00:20:31,C51560,371.0,-22.87732,-43.3686,0.0
2020-04-12 00:20:31,D12142,2383.0,-22.8954,-43.56092,0.0
2020-04-12 00:20:31,D53674,397.0,-22.819689999999998,-43.31435,56.0
2020-04-12 00:20:32,D86178,864.0,-22.89494,-43.53288,0.0
2020-04-12 00:20:33,B31022,483.0,-22.80434,-43.310179999999995,0.0
2020-04-12 00:20:33,C30249,565.0,-22.95007,-43.348279999999995,0.0
2020-04-12 00:20:33,D13344,875.0,-22.8801,-43.35823,0.0
2020-04-12 00:20:34,B58171,312.0,-22.8374,-43.28561,0.0
2020-04-12 00:20:34,D13164,746.0,-22.87594,-43.4197,0.0
2020-04-12 00:20:35,C12043,2335.0,-22.92825,-43.676829999999995,50.0
2020-04-12 00:20:35,C30014,876.0,-22.95135,-43.34843,0.0
2020-04-12 00:20:35,C47773,880.0,-22.95295,-43.35046,0.0
2020-04-12 00:20:37,C30136,343.0,-22.950029999999998,-43.348240000000004,0.0
2020-04-12 00:20:37,C47867,601.0,-22.952939999999998,-43.35112,0.0
2020-04-12 00:20:37,D86076,838.0,-22.89314,-43.53202,0.0
2020-04-12 00:20:39,B63005,919.0,-22.79300000000001,-43.29442,0.0
2020-04-12 00:20:39,C30313,557.0,-22.95122000000001,-43.34829000000001,0.0
2020-04-12 00:20:39,C47862,862.0,-22.968510000000002,-43.33613,9.0
2020-04-12 00:20:39,D12124,2383.0,-22.89542,-43.56093,0.0
2020-04-12 00:20:39,D53670,397.0,-22.90212,-43.18164,43.0
2020-04-12 00:20:40,C47741,552.0,-23.0018,-43.36449,39.0
2020-04-12 00:20:40,D86275,864.0,-22.89414,-43.53188,0.0
2020-04-12 00:20:41,C47582,368.0,-22.95214,-43.34883,0.0
2020-04-12 00:20:41,D53563,397.0,-22.90336,-43.55503,2.0
2020-04-12 00:20:42,B31093,483.0,-22.83715,-43.28723,0.0
2020-04-12 00:20:42,C30123,557.0,-22.9509,-43.34805,0.0
2020-04-12 00:20:42,D53525,SV870,-22.88363,-43.4956,0.0
2020-04-12 00:20:42,D86329,866.0,-22.89376,-43.53188,0.0
2020-04-12 00:20:43,B31050,497.0,-22.80389,-43.30996,0.0
2020-04-12 00:20:44,C30327,557.0,-22.95103,-43.34853,0.0
2020-04-12 00:20:44,D12161,SV2333,-22.89546,-43.56113,0.0
2020-04-12 00:20:45,B42613,277.0,-22.86678,-43.35389,47.0
2020-04-12 00:20:45,C47707,880.0,-22.9529,-43.3506,0.0
2020-04-12 00:20:47,B42612,457.0,-22.88417,-43.29739,55.0
2020-04-12 00:20:47,C30238,557.0,-22.950210000000002,-43.34829000000001,0.0
2020-04-12 00:20:47,D12160,2382.0,-22.89615,-43.5615,0.0
2020-04-12 00:20:49,D53537,759.0,-22.88381,-43.49495,0.0
2020-04-12 00:08:24,D53617,393.0,-22.83862,-43.36697,49.0
2020-04-12 00:11:07,D86405,864.0,-22.894920000000006,-43.53358,0.0
2020-04-12 00:13:00,D53678,,-22.868170000000006,-43.257,0.0
2020-04-12 00:14:43,D86327,838.0,-22.894820000000006,-43.53377,0.0
2020-04-12 00:17:45,B32646,342.0,-22.81658,-43.39446,0.0
2020-04-12 00:17:51,B44509,685.0,-22.8607,-43.35547,0.0
2020-04-12 00:17:58,D86334,864.0,-22.89458,-43.53359,0.0
2020-04-12 00:18:16,A29011,102.0,-22.86858,-43.29267,0.0
2020-04-12 00:18:41,D86131,835.0,-22.89489,-43.53356,0.0
2020-04-12 00:20:05,D53654,759.0,-22.88382,-43.49587,0.0
2020-04-12 00:20:30,D86195,864.0,-22.89403,-43.53168,0.0
2020-04-12 00:20:54,D86112,802.0,-22.89498,-43.53351,0.0
2020-04-12 00:20:58,D86325,864.0,-22.89393,-43.53179,0.0
2020-04-12 00:21:03,D53541,,-22.88408,-43.49484,0.0
2020-04-12 00:21:15,B44653,685.0,-22.8608,-43.35569,0.0
2020-04-12 00:21:22,D86396,864.0,-22.89477,-43.53377,0.0
2020-04-12 00:21:28,B31022,483.0,-22.80438,-43.3102,0.0
2020-04-12 00:21:33,B44643,685.0,-22.86065,-43.35585,0.0
2020-04-12 00:21:43,D86403,864.0,-22.89396,-43.53172,0.0
2020-04-12 00:21:59,B51577,624.0,-22.87743,-43.36821,0.0
2020-04-12 00:22:03,D53627,397.0,-22.88341,-43.49537,0.0
2020-04-12 00:22:26,D86407,864.0,-22.89508,-43.53303,0.0
2020-04-12 00:22:27,B51549,SV917,-22.87749,-43.36861,0.0
2020-04-12 00:22:27,D53694,393.0,-22.88433,-43.49498,0.0
2020-04-12 00:22:27,D86329,866.0,-22.89376,-43.53188,0.0
2020-04-12 00:22:29,C51615,371.0,-22.87625,-43.36816,0.0
2020-04-12 00:22:30,C44613,685.0,-22.86067,-43.35597,0.0
2020-04-12 00:22:31,B51586,SV917,-22.87761,-43.36821,0.0
2020-04-12 00:22:31,C51560,371.0,-22.87732,-43.3686,0.0
2020-04-12 00:22:33,B51624,SV917,-22.876620000000006,-43.36883,0.0
2020-04-12 00:22:38,B51520,917.0,-22.87736,-43.36845,0.0
2020-04-12 00:22:38,B51524,917.0,-22.877370000000006,-43.36879,0.0
2020-04-12 00:22:38,B51614,SV917,-22.87748,-43.36879,0.0
2020-04-12 00:22:39,C51543,371.0,-22.87759,-43.36899,0.0
2020-04-12 00:22:39,C51556,371.0,-22.87664,-43.36871,0.0
2020-04-12 00:22:40,B42647,457.0,-22.88435,-43.2977,51.0
2020-04-12 00:22:41,B51535,624.0,-22.87653,-43.36869,0.0
2020-04-12 00:22:42,B31093,483.0,-22.83714,-43.28725,0.0
2020-04-12 00:22:42,B51587,SV917,-22.87747,-43.36889,0.0
2020-04-12 00:22:42,C51650,371.0,-22.87671,-43.3687,0.0
2020-04-12 00:22:42,D53525,SV870,-22.88363,-43.4956,0.0
2020-04-12 00:22:43,B31050,497.0,-22.80393,-43.30992,0.0
2020-04-12 00:22:43,B51630,SV917,-22.87681,-43.36857,0.0
2020-04-12 00:22:46,C51510,371.0,-22.87728,-43.36844,0.0
2020-04-12 00:22:47,C51561,723.0,-22.87645,-43.36834,0.0
2020-04-12 00:22:48,B51634,917.0,-22.87672,-43.3687,0.0
2020-04-12 00:22:48,C30238,557.0,-22.95021,-43.34829000000001,0.0
2020-04-12 00:22:48,C51506,371.0,-22.8764,-43.3681,0.0
2020-04-12 00:22:50,A29163,471.0,-22.895570000000006,-43.23733,0.0
2020-04-12 00:22:50,B51521,624.0,-22.87641,-43.36796,0.0
2020-04-12 00:22:50,B51621,SV917,-22.87756,-43.36893,0.0
2020-04-12 00:22:50,C30114,557.0,-22.95084,-43.34824,0.0
2020-04-12 00:22:51,D53551,759.0,-22.93259,-43.65482,0.0
2020-04-12 00:22:52,D13013,SV790,-22.8837,-43.55291,0.0
2020-04-12 00:22:52,D53577,397.0,-22.87547,-43.47369000000001,25.0
2020-04-12 00:22:52,D53608,393.0,-22.88389,-43.4949,0.0
2020-04-12 00:22:53,C47649,553.0,-22.95219,-43.34876,8.0
2020-04-12 00:22:54,C12022,2308.0,-22.89669,-43.56059000000001,0.0
2020-04-12 00:22:55,D13339,383.0,-22.8762,-43.41973,0.0
2020-04-12 00:22:55,D53505,,-22.88366,-43.49558,0.0
2020-04-12 00:22:55,D53506,393.0,-22.88602,-43.23473,28.0
2020-04-12 00:22:57,D53556,397.0,-22.86098,-43.45082,48.0
2020-04-12 00:22:58,D12128,2018.0,-22.8964,-43.56056,0.0
2020-04-12 00:22:58,D13146,878.0,-22.91574,-43.36123,0.0
2020-04-12 00:22:58,D13379,LECD29,-22.87597,-43.41999000000001,0.0
2020-04-12 00:22:59,C12025,2329.0,-22.8955,-43.56085,0.0
2020-04-12 00:22:59,C30063,557.0,-22.95149,-43.34825,0.0
2020-04-12 00:22:59,D53544,759.0,-22.89274,-43.67406,38.0
2020-04-12 00:22:59,D53733,846.0,-22.88365,-43.49485,0.0
2020-04-12 00:22:59,D86121,852.0,-22.90193,-43.54693,0.0
2020-04-12 00:23:00,C30071,557.0,-22.95036,-43.34827,0.0
2020-04-12 00:23:00,C30218,557.0,-22.9509,-43.34818,0.0
2020-04-12 00:23:01,B51533,917.0,-22.87738,-43.36851,0.0
2020-04-12 00:23:01,D12142,2383.0,-22.8954,-43.56092,0.0
2020-04-12 00:23:01,D53674,397.0,-22.82427,-43.33299,50.0
2020-04-12 00:23:03,C30249,565.0,-22.95007,-43.34828,0.0
2020-04-12 00:23:04,B58171,625.0,-22.8374,-43.28561,0.0
2020-04-12 00:23:04,D13164,746.0,-22.87594,-43.4197,0.0
2020-04-12 00:23:04,D13344,875.0,-22.8801,-43.35823,0.0
2020-04-12 00:23:05,C12043,2335.0,-22.93571,-43.66628,12.0
2020-04-12 00:23:05,C30014,876.0,-22.95135,-43.34843,0.0
2020-04-12 00:23:05,C47773,880.0,-22.95295,-43.35046,0.0
2020-04-12 00:23:06,D86075,864.0,-22.8938,-43.53179,0.0
2020-04-12 00:23:07,C30136,343.0,-22.95003,-43.34824,0.0
2020-04-12 00:23:07,D53601,846.0,-22.92583,-43.51600000000001,31.0
2020-04-12 00:23:08,B63005,919.0,-22.793000000000006,-43.29442,0.0
2020-04-12 00:23:08,C47563,863.0,-22.97834,-43.33374,0.0
2020-04-12 00:23:09,C30313,557.0,-22.951220000000006,-43.34829000000001,0.0
2020-04-12 00:23:09,C47862,862.0,-22.97198,-43.33683,0.0
2020-04-12 00:23:09,C47867,601.0,-22.95294,-43.35112,0.0
2020-04-12 00:23:09,D12124,2383.0,-22.89542,-43.56093,0.0
2020-04-12 00:23:10,C47582,368.0,-22.95292,-43.34917,0.0
2020-04-12 00:23:10,C47741,552.0,-22.98771,-43.36559000000001,49.0
2020-04-12 00:23:10,D86275,864.0,-22.89419,-43.53199,0.0
2020-04-12 00:23:11,D53563,397.0,-22.90265,-43.55487,0.0
2020-04-12 00:23:12,C30123,557.0,-22.9509,-43.34805,0.0
2020-04-12 00:23:12,C47637,861.0,-22.95149,-43.34885,0.0
2020-04-12 00:23:12,D53670,397.0,-22.90175,-43.18002,0.0
2020-04-12 00:23:14,C30327,557.0,-22.95103,-43.34853,0.0
2020-04-12 00:23:14,D12161,SV2333,-22.89546,-43.56113,0.0
2020-04-12 00:23:14,D86196,864.0,-22.894820000000006,-43.53358,0.0
2020-04-12 00:23:14,D86362,864.0,-22.89466,-43.53341,0.0
2020-04-12 00:23:15,B42613,277.0,-22.87556,-43.33891,43.0
2020-04-12 00:23:15,C47707,880.0,-22.9529,-43.3506,0.0
2020-04-12 00:23:15,D53675,397.0,-22.87514,-43.24348,0.0
2020-04-12 00:23:16,C30293,565.0,-22.91601,-43.36143,0.0
2020-04-12 00:23:16,C47641,554.0,-22.98737,-43.22486,60.0
2020-04-12 00:23:16,C47774,880.0,-22.95319,-43.35002,0.0
2020-04-12 00:23:17,B42612,457.0,-22.88699,-43.28761,12.0
2020-04-12 00:23:17,C47754,600.0,-22.92735,-43.36109,47.0
2020-04-12 00:23:17,D12160,2382.0,-22.89615,-43.5615,0.0
2020-04-12 00:23:18,D13122,803.0,-22.87589,-43.41872,0.0
2020-04-12 00:23:18,D86018,864.0,-22.89396,-43.53207,0.0
2020-04-12 00:23:19,C12047,2308.0,-22.89541,-43.56101,0.0
2020-04-12 00:23:19,D53537,759.0,-22.88405,-43.49504,10.0
2020-04-12 00:23:19,D53668,397.0,-22.88425,-43.49506,0.0
2020-04-12 00:23:20,C12045,2335.0,-22.9197,-43.68362,11.0
2020-04-12 00:23:20,D53698,759.0,-22.84289,-43.37406,60.0
2020-04-12 00:23:21,C12013,2308.0,-22.89609,-43.56151,0.0
2020-04-12 00:23:22,D53682,397.0,-22.90199,-43.55452,0.0
2020-04-12 00:03:07,D86051,852.0,-22.89459,-43.533570000000005,0.0
2020-04-12 00:03:53,D53924,2310.0,-22.88419,-43.496190000000006,0.0
2020-04-12 00:08:54,D53617,393.0,-22.83963,-43.368840000000006,25.0
2020-04-12 00:11:04,A29035,471.0,-22.86821,-43.292190000000005,0.0
2020-04-12 00:11:05,D86008,864.0,-22.8946,-43.532340000000005,0.0
2020-04-12 00:11:07,D86405,864.0,-22.894920000000003,-43.53358,0.0
2020-04-12 00:12:07,D86336,864.0,-22.895229999999998,-43.533640000000005,0.0
2020-04-12 00:13:00,D53678,,-22.868170000000003,-43.257,0.0
2020-04-12 00:14:43,D86327,838.0,-22.894820000000003,-43.533770000000004,0.0
2020-04-12 00:17:42,D86179,SV866,-22.89524,-43.533640000000005,0.0
2020-04-12 00:20:58,D86325,864.0,-22.893929999999997,-43.53179,0.0
2020-04-12 00:21:03,D53541,,-22.884079999999997,-43.49484,0.0
2020-04-12 00:21:22,D86396,864.0,-22.89477,-43.533770000000004,0.0
2020-04-12 00:23:13,B28617,324.0,-22.8158,-43.18829,0.0
2020-04-12 00:23:14,D86196,864.0,-22.894820000000003,-43.53358,0.0
2020-04-12 00:23:14,D86362,864.0,-22.894660000000002,-43.533409999999996,0.0
2020-04-12 00:23:18,D86018,864.0,-22.89396,-43.532070000000004,0.0
2020-04-12 00:23:19,D53668,397.0,-22.88425,-43.495059999999995,0.0
2020-04-12 00:23:30,D86030,838.0,-22.89471,-43.5334,0.0
2020-04-12 00:23:32,D87413,891.0,-22.91659,-43.607440000000004,0.0
2020-04-12 00:23:38,D86180,864.0,-22.89528,-43.53321,0.0
2020-04-12 00:23:39,D86190,864.0,-22.89474,-43.53253,0.0
2020-04-12 00:23:48,A29163,471.0,-22.895570000000003,-43.23733,0.0
2020-04-12 00:23:59,D53508,397.0,-22.88374,-43.49472,0.0
2020-04-12 00:24:02,D86401,864.0,-22.89395,-43.53212,0.0
2020-04-12 00:24:30,D86201,838.0,-22.89453,-43.5336,0.0
2020-04-12 00:24:34,B32577,342.0,-22.81704,-43.39412,0.0
2020-04-12 00:24:59,D53923,2310.0,-22.8835,-43.496359999999996,0.0
2020-04-12 00:25:04,D53751,789.0,-22.88368,-43.49483,0.0
2020-04-12 00:25:07,D86108,883.0,-22.893810000000002,-43.53345,0.0
2020-04-12 00:25:15,D86124,802.0,-22.89511,-43.53309,0.0
2020-04-12 00:25:19,D86083,867.0,-22.89426,-43.533190000000005,0.0
2020-04-12 00:25:24,D53619,,-22.86825,-43.2572,0.0
2020-04-12 00:25:40,B42647,457.0,-22.86926,-43.30507,55.0
2020-04-12 00:25:43,D86183,864.0,-22.89489,-43.53286,0.0
2020-04-12 00:26:02,B44676,685.0,-22.86046,-43.35609,0.0
2020-04-12 00:26:08,B51520,917.0,-22.87736,-43.36845,0.0
2020-04-12 00:26:08,B51524,917.0,-22.877370000000003,-43.368790000000004,0.0
2020-04-12 00:26:08,B63005,919.0,-22.793000000000003,-43.29442,0.0
2020-04-12 00:26:09,C51543,371.0,-22.877589999999998,-43.368990000000004,0.0
2020-04-12 00:26:11,B51535,624.0,-22.87653,-43.36869,0.0
2020-04-12 00:26:12,B51587,SV917,-22.877470000000002,-43.36889,0.0
2020-04-12 00:26:12,C51650,371.0,-22.87671,-43.3687,0.0
2020-04-12 00:26:13,B51630,SV917,-22.87681,-43.36857,0.0
2020-04-12 00:26:15,B42613,277.0,-22.880329999999997,-43.32293,40.0
2020-04-12 00:26:16,C51510,371.0,-22.87728,-43.36844,0.0
2020-04-12 00:26:17,B42612,457.0,-22.88775,-43.2774,52.0
2020-04-12 00:26:17,B42639,457.0,-22.88464,-43.315529999999995,0.0
2020-04-12 00:26:17,C51561,723.0,-22.87645,-43.36834,0.0
2020-04-12 00:26:18,B51634,917.0,-22.876720000000002,-43.3687,0.0
2020-04-12 00:26:18,C51506,371.0,-22.8764,-43.3681,0.0
2020-04-12 00:26:20,B51521,624.0,-22.87641,-43.36796,0.0
2020-04-12 00:26:20,B51621,SV917,-22.87756,-43.36893,0.0
2020-04-12 00:26:20,C30114,557.0,-22.95084,-43.348240000000004,0.0
2020-04-12 00:26:20,C30238,557.0,-22.950210000000002,-43.348290000000006,0.0
2020-04-12 00:26:21,C12013,2308.0,-22.89609,-43.56151,0.0
2020-04-12 00:26:22,D13013,SV790,-22.8837,-43.55291,0.0
2020-04-12 00:26:22,D53577,397.0,-22.87022,-43.46497,31.0
2020-04-12 00:26:23,C47849,863.0,-23.00064,-43.33958,9.0
2020-04-12 00:26:24,C12022,2308.0,-22.89659,-43.5606,0.0
2020-04-12 00:26:25,D13339,383.0,-22.8762,-43.41973,0.0
2020-04-12 00:26:25,D53505,,-22.88366,-43.49558,0.0
2020-04-12 00:26:27,B51549,SV917,-22.877489999999998,-43.36861,0.0
2020-04-12 00:26:27,D53556,397.0,-22.863039999999998,-43.46593,26.0
2020-04-12 00:26:27,D53694,393.0,-22.88435,-43.495059999999995,0.0
2020-04-12 00:26:28,D12128,2018.0,-22.8964,-43.560559999999995,0.0
2020-04-12 00:26:28,D13146,878.0,-22.91574,-43.36123,0.0
2020-04-12 00:26:28,D13379,LECD29,-22.875970000000002,-43.419990000000006,0.0
2020-04-12 00:26:29,C12025,2329.0,-22.8955,-43.56085,0.0
2020-04-12 00:26:29,C30063,557.0,-22.95149,-43.34825,0.0
2020-04-12 00:26:29,C51615,371.0,-22.87625,-43.368159999999996,0.0
2020-04-12 00:26:29,D53544,759.0,-22.901629999999997,-43.68107,37.0
2020-04-12 00:26:29,D53733,846.0,-22.88364,-43.494859999999996,0.0
2020-04-12 00:26:29,D86121,852.0,-22.902279999999998,-43.55545,0.0
2020-04-12 00:26:30,C30071,557.0,-22.9504,-43.34832,0.0
2020-04-12 00:26:30,C44613,685.0,-22.860670000000002,-43.35597,0.0
2020-04-12 00:26:31,B51533,917.0,-22.87738,-43.36851,0.0
2020-04-12 00:26:31,B51586,SV917,-22.87761,-43.36821,0.0
2020-04-12 00:26:31,C51560,371.0,-22.87732,-43.3686,0.0
2020-04-12 00:26:31,D12142,2383.0,-22.8954,-43.56092,0.0
2020-04-12 00:26:31,D53674,397.0,-22.833660000000002,-43.358090000000004,66.0
2020-04-12 00:26:32,C30218,557.0,-22.9509,-43.34818,0.0
2020-04-12 00:26:33,B51624,SV917,-22.876620000000003,-43.368829999999996,0.0
2020-04-12 00:26:33,C30249,565.0,-22.95007,-43.348279999999995,0.0
2020-04-12 00:26:34,B58171,312.0,-22.8374,-43.28561,0.0
2020-04-12 00:26:34,D13164,746.0,-22.87594,-43.4197,0.0
2020-04-12 00:26:34,D13344,875.0,-22.8801,-43.35823,0.0
2020-04-12 00:26:35,C12043,2335.0,-22.9282,-43.65331,42.0
2020-04-12 00:26:35,C30014,876.0,-22.95135,-43.34843,0.0
2020-04-12 00:26:35,C47773,880.0,-22.95295,-43.35046,0.0
2020-04-12 00:26:35,D13080,878.0,-23.00476,-43.304159999999996,34.0
2020-04-12 00:26:37,C30136,343.0,-22.950029999999998,-43.348240000000004,0.0
2020-04-12 00:26:37,D53601,846.0,-22.91777,-43.5319,35.0
2020-04-12 00:26:38,B51614,SV917,-22.87748,-43.368790000000004,0.0
2020-04-12 00:26:38,C47563,863.0,-22.97022,-43.33662,40.0
2020-04-12 00:26:38,C47862,862.0,-22.97198,-43.33683,0.0
2020-04-12 00:26:39,C30313,557.0,-22.951220000000003,-43.348290000000006,0.0
2020-04-12 00:26:39,C51556,371.0,-22.87664,-43.36871,0.0
2020-04-12 00:26:39,D12124,2383.0,-22.89542,-43.56093,0.0
2020-04-12 00:26:40,C47582,368.0,-22.952920000000002,-43.34917,0.0
2020-04-12 00:26:40,C47741,552.0,-22.966179999999998,-43.357079999999996,43.0
2020-04-12 00:26:40,D86275,864.0,-22.894170000000003,-43.531890000000004,0.0
2020-04-12 00:26:41,C47867,601.0,-22.952939999999998,-43.35112,0.0
2020-04-12 00:26:41,D53563,397.0,-22.902160000000002,-43.55489,1.0
2020-04-12 00:26:42,B31093,483.0,-22.83609,-43.28826,37.0
2020-04-12 00:26:42,C30123,557.0,-22.9509,-43.34805,0.0
2020-04-12 00:26:42,C47637,861.0,-22.95149,-43.34885,0.0
2020-04-12 00:26:42,D53525,SV870,-22.88363,-43.4956,0.0
2020-04-12 00:26:43,B31050,497.0,-22.80388,-43.3099,0.0
2020-04-12 00:26:44,C30327,557.0,-22.95103,-43.34853,0.0
2020-04-12 00:26:44,C47707,880.0,-22.9529,-43.3506,0.0
2020-04-12 00:26:44,D12161,SV2333,-22.89546,-43.56113,0.0
2020-04-12 00:26:45,D53675,397.0,-22.87513,-43.24349,0.0
2020-04-12 00:26:46,C30293,565.0,-22.91487,-43.36073,0.0
2020-04-12 00:26:46,C47641,554.0,-23.00059,-43.24443,39.0
2020-04-12 00:26:46,D53670,397.0,-22.902160000000002,-43.18005,0.0
2020-04-12 00:26:47,C47754,600.0,-22.93844,-43.3486,39.0
2020-04-12 00:26:47,D12160,2382.0,-22.89615,-43.5615,0.0
2020-04-12 00:26:48,C47774,880.0,-22.95319,-43.35002,0.0
2020-04-12 00:26:48,D13122,803.0,-22.87589,-43.41872,0.0
2020-04-12 00:26:49,C12047,2308.0,-22.895410000000002,-43.561009999999996,0.0
2020-04-12 00:26:49,D53537,759.0,-22.88375,-43.495909999999995,3.0
2020-04-12 00:26:50,D53698,759.0,-22.85754,-43.40268,68.0
2020-04-12 00:26:51,D53551,759.0,-22.93259,-43.65482,0.0
2020-04-12 00:26:52,D53608,393.0,-22.88329,-43.49582,0.0
2020-04-12 00:26:52,D53682,397.0,-22.901999999999997,-43.554520000000004,0.0
2020-04-12 00:26:53,C47649,553.0,-22.95208,-43.349940000000004,0.0
2020-04-12 00:26:54,C12045,2335.0,-22.9242,-43.67937,0.0
2020-04-12 00:26:55,D53506,393.0,-22.89007,-43.21861,41.0
2020-04-12 00:00:14,D86047,864.0,-22.89477,-43.53366,0.0
2020-04-12 00:00:26,D53930,2310.0,-22.88416,-43.49616,0.0
2020-04-12 00:00:31,D86309,897.0,-22.89427,-43.53255,0.0
2020-04-12 00:00:45,B28602,324.0,-22.81576,-43.18817,0.0
2020-04-12 00:00:45,D86219,838.0,-22.8955,-43.53344,0.0
2020-04-12 00:01:02,C44615,712.0,-22.86115,-43.35596,0.0
2020-04-12 00:01:12,D53699,759.0,-22.88404,-43.49538,0.0
2020-04-12 00:01:15,D86710,2803.0,-22.89408,-43.53235,0.0
2020-04-12 00:01:30,D86236,864.0,-22.89481,-43.53362,0.0
2020-04-12 00:02:01,C44625,712.0,-22.86085,-43.35643,0.0
2020-04-12 00:02:18,C30217,557.0,-22.9509,-43.34819,0.0
2020-04-12 00:02:25,B44642,685.0,-22.86069,-43.35641,0.0
2020-04-12 00:02:39,D86205,843.0,-22.89497,-43.53297,0.0
2020-04-12 00:03:07,D86051,852.0,-22.89459,-43.53357,0.0
2020-04-12 00:03:07,D86258,864.0,-22.89481,-43.53326,0.0
2020-04-12 00:03:08,D86315,866.0,-22.89503,-43.53212,0.0
2020-04-12 00:03:13,B44648,685.0,-22.86044,-43.3562,0.0
2020-04-12 00:03:15,D53507,397.0,-22.9005,-43.17776,37.0
2020-04-12 00:03:15,D86400,864.0,-22.89443,-43.53376,0.0
2020-04-12 00:03:32,D86189,864.0,-22.89511,-43.53324,0.0
2020-04-12 00:03:53,D53924,2310.0,-22.88419,-43.49619,0.0
2020-04-12 00:03:59,D86146,802.0,-22.89502,-43.53372,0.0
2020-04-12 00:04:20,D86259,864.0,-22.89506,-43.53295,0.0
2020-04-12 00:04:38,D86318,864.0,-22.89463,-43.53381,0.0
2020-04-12 00:04:52,D86200,864.0,-22.89447,-43.53391,0.0
2020-04-12 00:04:52,D86215,864.0,-22.89498,-43.53369,0.0
2020-04-12 00:04:59,B32642,793.0,-22.81681,-43.39407,0.0
2020-04-12 00:05:05,D86192,851.0,-22.89478,-43.5333,0.0
2020-04-12 00:05:10,D53928,2310.0,-22.88352,-43.49571,0.0
2020-04-12 00:05:19,D86006,864.0,-22.89506,-43.53278,0.0
2020-04-12 00:05:23,B44671,685.0,-22.86017,-43.35646,0.0
2020-04-12 00:05:44,B31033,485.0,-22.80424,-43.31125,0.0
2020-04-12 00:05:58,D86731,2804.0,-22.89442,-43.53331,0.0
2020-04-12 00:06:18,D86378,884.0,-22.89438,-43.53339,0.0
2020-04-12 00:06:55,D86322,864.0,-22.89504,-43.53369,0.0
2020-04-12 00:06:59,B44645,685.0,-22.86087,-43.35655,0.0
2020-04-12 00:07:20,D86181,835.0,-22.89488,-43.53204,0.0
2020-04-12 00:07:43,D86257,864.0,-22.89452,-43.53182,0.0
2020-04-12 00:07:50,C44520,712.0,-22.86088,-43.35643,0.0
2020-04-12 00:08:43,D53673,397.0,-22.88386,-43.49513,0.0
2020-04-12 00:08:46,D86186,864.0,-22.89528,-43.53365,0.0
2020-04-12 00:08:48,D53661,397.0,-22.88348,-43.49519,0.0
2020-04-12 00:08:51,B32681,342.0,-22.81639,-43.39422,0.0
2020-04-12 00:09:02,B44529,685.0,-22.86106,-43.35617,0.0
2020-04-12 00:09:10,D86340,864.0,-22.8947,-43.5327,0.0
2020-04-12 00:09:36,B44695,685.0,-22.86065,-43.35585,0.0
2020-04-12 00:10:00,D53572,397.0,-22.88375,-43.49595,0.0
2020-04-12 00:10:03,D87031,896.0,-22.91733,-43.60768,0.0
2020-04-12 00:10:05,D53925,2310.0,-22.88356,-43.49572,0.0
2020-04-12 00:10:05,D86167,864.0,-22.89468,-43.5338,0.0
2020-04-12 00:10:08,B11530,908.0,-22.8667,-43.35526,0.0
2020-04-12 00:10:09,D86326,864.0,-22.89538,-43.53331,0.0
2020-04-12 00:10:10,D53713,819.0,-22.88453,-43.49479,0.0
2020-04-12 00:10:38,D86089,864.0,-22.89466,-43.53389,0.0
2020-04-12 00:10:43,D86762,2804.0,-22.89376,-43.53256,0.0
2020-04-12 00:10:53,B28501,325.0,-22.81606,-43.18821,0.0
2020-04-12 00:11:04,A29035,471.0,-22.86821,-43.29219,0.0
2020-04-12 00:11:05,D86008,864.0,-22.8946,-43.53234,0.0
2020-04-12 00:11:07,D86405,864.0,-22.89492,-43.53358,0.0
2020-04-12 00:11:14,D86184,838.0,-22.89521,-43.53314,0.0
2020-04-12 00:11:42,D86098,864.0,-22.89548,-43.53361,0.0
2020-04-12 00:11:43,D86328,864.0,-22.89444,-43.53369,0.0
2020-04-12 00:12:07,D86336,864.0,-22.89523,-43.53364,0.0
2020-04-12 00:12:08,D53543,397.0,-22.87344,-43.24415,0.0
2020-04-12 00:12:11,B44677,685.0,-22.86039,-43.35549,0.0
2020-04-12 00:12:17,D86185,864.0,-22.8947,-43.53339,0.0
2020-04-12 00:12:18,D86317,864.0,-22.89424,-43.53204,0.0
2020-04-12 00:12:36,D86391,883.0,-22.89344,-43.53186,0.0
2020-04-12 00:12:40,D53671,,-22.88342,-43.4954,0.0
2020-04-12 00:12:50,D86012,864.0,-22.89538,-43.53355,0.0
2020-04-12 00:12:52,D86330,864.0,-22.89449,-43.53284,0.0
2020-04-12 00:13:00,D53678,,-22.86817,-43.257,0.0
2020-04-12 00:13:08,D86128,802.0,-22.8947,-43.53352,0.0
2020-04-12 00:13:24,D53617,393.0,-22.85468,-43.38346,19.0
2020-04-12 00:13:37,B32699,342.0,-22.81655,-43.39419,0.0
2020-04-12 00:13:44,D53612,759.0,-22.88349,-43.49538,0.0
2020-04-12 00:13:53,D86350,883.0,-22.89424,-43.53263,0.0
2020-04-12 00:14:15,D86194,864.0,-22.89535,-43.53363,0.0
2020-04-12 00:14:21,D86296,897.0,-22.89353,-43.53179,0.0
2020-04-12 00:14:43,D86327,838.0,-22.89482,-43.53377,0.0
2020-04-12 00:15:20,D86080,802.0,-22.89392,-43.53205,0.0
2020-04-12 00:15:37,C44568,685.0,-22.86085,-43.35565,0.0
2020-04-12 00:15:42,D53677,397.0,-22.88414,-43.49528,0.0
2020-04-12 00:16:13,D86023,851.0,-22.89524,-43.53318,0.0
2020-04-12 00:16:18,D53687,17.0,-22.8834,-43.49528,0.0
2020-04-12 00:16:50,D86169,838.0,-22.89501,-43.53344,0.0
2020-04-12 00:16:52,D86255,864.0,-22.89548,-43.53339,0.0
2020-04-12 00:16:52,D86399,864.0,-22.89491,-43.53305,0.0
2020-04-12 00:16:54,D86320,838.0,-22.89461,-43.53351,0.0
2020-04-12 00:17:36,D86299,897.0,-22.89329,-43.53201,0.0
2020-04-12 00:17:40,D86203,864.0,-22.895,-43.53295,0.0
2020-04-12 00:17:42,D86179,SV866,-22.89524,-43.53364,0.0
2020-04-12 00:17:45,B32646,342.0,-22.81658,-43.39446,0.0
2020-04-12 00:17:51,B44509,685.0,-22.8607,-43.35547,0.0
2020-04-12 00:17:55,A29150,471.0,-22.86818,-43.29215,0.0
2020-04-12 00:17:58,D86334,864.0,-22.89458,-43.53359,0.0
2020-04-12 00:18:05,D53910,2310.0,-22.88404,-43.49545,0.0
2020-04-12 00:18:12,D86721,2804.0,-22.89392,-43.53288,0.0
2020-04-12 00:18:16,A29011,102.0,-22.86858,-43.29267,0.0
2020-04-12 00:18:16,D86122,864.0,-22.89442,-43.53387,0.0
2020-04-12 00:18:21,D86406,864.0,-22.89506,-43.53305,0.0
2020-04-12 00:18:41,D86131,835.0,-22.89489,-43.53356,0.0
2020-04-12 00:18:58,C44686,712.0,-22.8606,-43.35635,0.0
2020-04-12 00:19:31,D86116,851.0,-22.89487,-43.53318,0.0
2020-04-12 00:19:38,D86279,835.0,-22.8949,-43.5331,0.0
2020-04-12 00:19:39,D53606,,-22.86805,-43.25694,0.0
2020-04-12 00:20:05,D53654,759.0,-22.88382,-43.49587,0.0
2020-04-12 00:20:13,D53680,397.0,-22.88438,-43.4948,0.0
2020-04-12 00:20:18,D86109,864.0,-22.89459,-43.5326,0.0
2020-04-12 00:20:19,D86319,835.0,-22.8954,-43.5333,0.0
2020-04-12 00:20:30,D86195,864.0,-22.89403,-43.53168,0.0
2020-04-12 00:20:32,D86178,864.0,-22.89494,-43.53288,0.0
2020-04-12 00:20:37,D86076,838.0,-22.89314,-43.53202,0.0
2020-04-12 00:20:54,D86112,802.0,-22.89498,-43.53351,0.0
2020-04-12 00:20:58,D86325,864.0,-22.89393,-43.53179,0.0
2020-04-12 00:21:15,B44653,685.0,-22.8608,-43.35569,0.0
2020-04-12 00:21:22,D86396,864.0,-22.89477,-43.53377,0.0
2020-04-12 00:21:28,B31022,483.0,-22.80438,-43.3102,0.0
2020-04-12 00:21:33,B44643,685.0,-22.86065,-43.35585,0.0
2020-04-12 00:21:43,D86403,864.0,-22.89396,-43.53172,0.0
2020-04-12 00:21:59,B51577,624.0,-22.87743,-43.36821,0.0
2020-04-12 00:22:03,D53627,397.0,-22.88341,-43.49537,0.0
2020-04-12 00:22:26,D86407,864.0,-22.89508,-43.53303,0.0
2020-04-12 00:22:27,D86329,866.0,-22.89376,-43.53188,0.0
2020-04-12 00:23:06,D86075,864.0,-22.8938,-43.53179,0.0
2020-04-12 00:23:13,B28617,324.0,-22.8158,-43.18829,0.0
2020-04-12 00:23:14,D86196,864.0,-22.89482,-43.53358,0.0
2020-04-12 00:23:14,D86362,864.0,-22.89466,-43.53341,0.0
2020-04-12 00:23:18,D86018,864.0,-22.89396,-43.53207,0.0
2020-04-12 00:23:19,D53668,397.0,-22.88425,-43.49506,0.0
2020-04-12 00:23:30,D86030,838.0,-22.89471,-43.5334,0.0
2020-04-12 00:23:32,D87413,891.0,-22.91659,-43.60744,0.0
2020-04-12 00:23:38,D86180,864.0,-22.89528,-43.53321,0.0
2020-04-12 00:23:39,D86190,864.0,-22.89474,-43.53253,0.0
2020-04-12 00:23:59,D53508,397.0,-22.88374,-43.49472,0.0
2020-04-12 00:24:02,D86401,864.0,-22.89395,-43.53212,0.0
2020-04-12 00:24:30,D86201,838.0,-22.89453,-43.5336,0.0
2020-04-12 00:24:33,D53541,,-22.88409,-43.49484,0.0
2020-04-12 00:24:34,B32577,342.0,-22.81704,-43.39412,0.0
2020-04-12 00:24:59,D53923,2310.0,-22.8835,-43.49636,0.0
2020-04-12 00:25:04,D53751,789.0,-22.88368,-43.49483,0.0
2020-04-12 00:25:07,D86108,883.0,-22.89381,-43.53345,0.0
2020-04-12 00:25:15,D86124,802.0,-22.89511,-43.53309,0.0
2020-04-12 00:25:19,D86083,867.0,-22.89426,-43.53319,0.0
2020-04-12 00:25:24,D53619,,-22.86825,-43.2572,0.0
2020-04-12 00:25:43,D86183,864.0,-22.89489,-43.53286,0.0
2020-04-12 00:25:59,D86123,864.0,-22.89479,-43.53283,0.0
2020-04-12 00:26:02,B44676,685.0,-22.86046,-43.35609,0.0
2020-04-12 00:26:49,D86062,838.0,-22.8954,-43.53338,0.0
2020-04-12 00:26:59,C27053,SE940,-22.81719,-43.30198,0.0
2020-04-12 00:27:02,D86177,838.0,-22.89428,-43.53214,0.0
2020-04-12 00:27:22,D86099,864.0,-22.89514,-43.53312,0.0
2020-04-12 00:27:28,D86197,864.0,-22.89461,-43.53387,0.0
2020-04-12 00:27:30,D86193,864.0,-22.89472,-43.53336,0.0
2020-04-12 00:27:41,B32791,384.0,-22.81662,-43.39405,0.0
2020-04-12 00:27:52,D86052,883.0,-22.89424,-43.53256,0.0
2020-04-12 00:28:12,D86292,855.0,-22.89445,-43.53284,0.0
2020-04-12 00:28:16,C47641,554.0,-22.99728,-43.25631,51.0
2020-04-12 00:28:22,D53608,393.0,-22.88332,-43.49584,0.0
2020-04-12 00:28:27,D53694,393.0,-22.88435,-43.49506,0.0
2020-04-12 00:28:30,C44613,685.0,-22.86067,-43.35599,0.0
2020-04-12 00:28:35,D53716,819.0,-22.88337,-43.49492,0.0
2020-04-12 00:28:38,B51520,917.0,-22.87736,-43.36845,0.0
2020-04-12 00:28:38,B51524,917.0,-22.87737,-43.36879,0.0
2020-04-12 00:28:38,D53610,,-22.86807,-43.25707,0.0
2020-04-12 00:28:39,B44675,685.0,-22.86046,-43.3558,0.0
2020-04-12 00:28:39,C51543,371.0,-22.87759,-43.36899,0.0
2020-04-12 00:28:40,B42647,457.0,-22.8777,-43.32457,36.0
2020-04-12 00:28:40,D86078,864.0,-22.89464,-43.53344,0.0
2020-04-12 00:28:41,B51535,624.0,-22.87653,-43.36869,0.0
2020-04-12 00:28:42,B51587,SV917,-22.87747,-43.36889,0.0
2020-04-12 00:28:42,C51650,371.0,-22.87671,-43.3687,0.0
2020-04-12 00:28:43,B51630,SV917,-22.87681,-43.36857,0.0
2020-04-12 00:28:46,C51510,371.0,-22.87728,-43.36844,0.0
2020-04-12 00:28:46,D53738,789.0,-22.88329,-43.49595,0.0
2020-04-12 00:28:47,C51561,723.0,-22.87645,-43.36834,0.0
2020-04-12 00:28:48,B51634,917.0,-22.87672,-43.3687,0.0
2020-04-12 00:28:48,C51506,371.0,-22.8764,-43.3681,0.0
2020-04-12 00:28:48,D53670,397.0,-22.90494,-43.19125,37.0
2020-04-12 00:28:49,D87361,891.0,-22.91855,-43.60778,0.0
2020-04-12 00:28:50,B51521,624.0,-22.87641,-43.36796,0.0
2020-04-12 00:28:50,B51621,SV917,-22.87756,-43.36893,0.0
2020-04-12 00:28:51,D53551,759.0,-22.93259,-43.65482,0.0
2020-04-12 00:28:52,D53577,397.0,-22.85889,-43.46505,21.0
2020-04-12 00:28:52,D53682,397.0,-22.902,-43.55452,0.0
2020-04-12 00:28:54,C12045,2335.0,-22.92145,-43.66766,30.0
2020-04-12 00:28:55,C12022,2308.0,-22.8967,-43.56052,0.0
2020-04-12 00:28:55,D53505,,-22.88366,-43.49558,0.0
2020-04-12 00:28:55,D53506,393.0,-22.90225,-43.21035,57.0
2020-04-12 00:28:57,B51549,SV917,-22.87749,-43.36861,0.0
2020-04-12 00:28:57,D53556,397.0,-22.87355,-43.46795,32.0
2020-04-12 00:28:58,D12128,2018.0,-22.8964,-43.56056,0.0
2020-04-12 00:28:59,C12025,2329.0,-22.8955,-43.56085,0.0
2020-04-12 00:28:59,C51615,371.0,-22.87625,-43.36816,0.0
2020-04-12 00:28:59,D53544,759.0,-22.91279,-43.6874,31.0
2020-04-12 00:28:59,D53733,846.0,-22.88363,-43.49485,0.0
2020-04-12 00:28:59,D86121,852.0,-22.90228,-43.55545,0.0
2020-04-12 00:29:01,B51533,917.0,-22.87738,-43.36851,0.0
2020-04-12 00:29:01,B51586,SV917,-22.87761,-43.36821,0.0
2020-04-12 00:29:01,C51560,371.0,-22.87732,-43.3686,0.0
2020-04-12 00:29:01,D12142,2383.0,-22.8954,-43.56092,0.0
2020-04-12 00:29:01,D53674,397.0,-22.84094,-43.37089,44.0
2020-04-12 00:29:03,B51624,SV917,-22.87662,-43.36883,0.0
2020-04-12 00:29:05,C12043,2335.0,-22.91882,-43.63971,52.0
2020-04-12 00:29:05,C30014,876.0,-22.95135,-43.34843,0.0
2020-04-12 00:29:07,D53601,846.0,-22.91285,-43.54431,35.0
2020-04-12 00:29:08,B51614,SV917,-22.87748,-43.36879,0.0
2020-04-12 00:29:08,C47563,863.0,-22.95791,-43.33596,19.0
2020-04-12 00:29:09,C51556,371.0,-22.87664,-43.36871,0.0
2020-04-12 00:29:09,D12124,2383.0,-22.89542,-43.56093,0.0
2020-04-12 00:29:10,C47582,368.0,-22.95292,-43.34917,0.0
2020-04-12 00:29:10,C47741,552.0,-22.95268,-43.35382,40.0
2020-04-12 00:29:10,D86275,864.0,-22.89421,-43.5319,0.0
2020-04-12 00:29:11,A29163,471.0,-22.89282,-43.23959,27.0
2020-04-12 00:29:11,B31096,483.0,-22.80399,-43.30957,0.0
2020-04-12 00:29:11,D53563,397.0,-22.90232,-43.5549,0.0
2020-04-12 00:29:12,B31093,483.0,-22.81869,-43.3001,67.0
2020-04-12 00:29:12,C30123,557.0,-22.9509,-43.34805,0.0
2020-04-12 00:29:12,C47637,861.0,-22.95149,-43.34885,0.0
2020-04-12 00:29:12,D53525,SV870,-22.88363,-43.4956,0.0
2020-04-12 00:29:13,B31050,497.0,-22.80391,-43.30995,0.0
2020-04-12 00:29:13,C47867,601.0,-22.95294,-43.35112,0.0
2020-04-12 00:29:14,C30327,557.0,-22.95103,-43.34853,0.0
2020-04-12 00:29:14,C47707,880.0,-22.9529,-43.3506,0.0
2020-04-12 00:29:14,D12161,SV2333,-22.89546,-43.56113,0.0
2020-04-12 00:29:15,B42613,277.0,-22.8767,-43.32933,0.0
2020-04-12 00:29:15,C47532,862.0,-23.00275,-43.3658,57.0
2020-04-12 00:29:15,D53675,397.0,-22.8751,-43.24352,0.0
2020-04-12 00:29:15,D86282,864.0,-22.8944,-43.53377,0.0
2020-04-12 00:29:16,C30293,565.0,-22.92341,-43.36128,51.0
2020-04-12 00:29:16,C47754,600.0,-22.95037,-43.34867,53.0
2020-04-12 00:29:17,B42612,457.0,-22.89829,-43.27954,25.0
2020-04-12 00:29:17,B42639,457.0,-22.8844,-43.31718,33.0
2020-04-12 00:29:17,D12160,2382.0,-22.89615,-43.5615,0.0
2020-04-12 00:29:18,B25608,232.0,-22.90068,-43.29031,0.0
2020-04-12 00:29:19,C12047,2308.0,-22.89541,-43.56101,0.0
2020-04-12 00:29:19,D13122,803.0,-22.87589,-43.41872,0.0
2020-04-12 00:29:19,D53537,759.0,-22.88356,-43.49645,0.0
2020-04-12 00:29:20,C30114,557.0,-22.95084,-43.34824,0.0
2020-04-12 00:29:20,C47774,880.0,-22.95319,-43.35002,0.0
2020-04-12 00:29:20,D53698,759.0,-22.86545,-43.42557,24.0
2020-04-12 00:29:21,C12013,2308.0,-22.89609,-43.56151,0.0
2020-04-12 00:29:22,C30238,557.0,-22.95021,-43.34829,0.0
2020-04-12 00:29:22,D13013,SV790,-22.8837,-43.55291,0.0
2020-04-12 00:29:23,C47649,553.0,-22.95208,-43.34994,0.0
2020-04-12 00:29:23,C47849,863.0,-23.00402,-43.32309,0.0
2020-04-12 00:29:25,C13081,746.0,-22.88164,-43.32998,0.0
2020-04-12 00:29:25,D13339,383.0,-22.8762,-43.41973,0.0
2020-04-12 00:29:28,D13146,878.0,-22.91574,-43.36123,0.0
2020-04-12 00:29:28,D13379,LECD29,-22.87597,-43.41999,0.0
2020-04-12 00:29:29,C30063,557.0,-22.95149,-43.34825,0.0
2020-04-12 00:29:29,C30071,557.0,-22.95034,-43.34828,0.0
2020-04-12 00:29:33,C30249,565.0,-22.95007,-43.34828,0.0
2020-04-12 00:29:33,D13344,875.0,-22.8801,-43.35823,0.0
2020-04-12 00:29:34,B58171,625.0,-22.8374,-43.28561,0.0
2020-04-12 00:29:34,C30218,557.0,-22.9509,-43.34818,0.0
2020-04-12 00:29:34,D13080,878.0,-22.9889,-43.30137,20.0
2020-04-12 00:29:34,D13164,746.0,-22.87594,-43.4197,0.0
2020-04-12 00:29:35,C47773,880.0,-22.95295,-43.35046,0.0
2020-04-12 00:29:37,C30136,343.0,-22.95003,-43.34824,0.0
2020-04-12 00:29:38,B63005,919.0,-22.79316,-43.29437,0.0
2020-04-12 00:29:38,C47862,862.0,-22.97198,-43.33683,0.0
2020-04-12 00:29:39,C30313,557.0,-22.95122,-43.34829,0.0
